"iter","variable","value"
1,"Pan
(n=805)",14
2,"Pan
(n=805)",20
3,"Pan
(n=805)",25
4,"Pan
(n=805)",24
5,"Pan
(n=805)",19
6,"Pan
(n=805)",19
7,"Pan
(n=805)",22
8,"Pan
(n=805)",14
9,"Pan
(n=805)",18
10,"Pan
(n=805)",14
11,"Pan
(n=805)",20
12,"Pan
(n=805)",16
13,"Pan
(n=805)",27
14,"Pan
(n=805)",21
15,"Pan
(n=805)",21
16,"Pan
(n=805)",17
17,"Pan
(n=805)",21
18,"Pan
(n=805)",25
19,"Pan
(n=805)",18
20,"Pan
(n=805)",22
21,"Pan
(n=805)",16
22,"Pan
(n=805)",18
23,"Pan
(n=805)",24
24,"Pan
(n=805)",16
25,"Pan
(n=805)",14
26,"Pan
(n=805)",23
27,"Pan
(n=805)",21
28,"Pan
(n=805)",21
29,"Pan
(n=805)",17
30,"Pan
(n=805)",20
31,"Pan
(n=805)",18
32,"Pan
(n=805)",23
33,"Pan
(n=805)",25
34,"Pan
(n=805)",21
35,"Pan
(n=805)",23
36,"Pan
(n=805)",20
37,"Pan
(n=805)",21
38,"Pan
(n=805)",21
39,"Pan
(n=805)",19
40,"Pan
(n=805)",22
41,"Pan
(n=805)",25
42,"Pan
(n=805)",22
43,"Pan
(n=805)",24
44,"Pan
(n=805)",13
45,"Pan
(n=805)",19
46,"Pan
(n=805)",18
47,"Pan
(n=805)",20
48,"Pan
(n=805)",22
49,"Pan
(n=805)",15
50,"Pan
(n=805)",24
51,"Pan
(n=805)",18
52,"Pan
(n=805)",14
53,"Pan
(n=805)",11
54,"Pan
(n=805)",24
55,"Pan
(n=805)",23
56,"Pan
(n=805)",23
57,"Pan
(n=805)",22
58,"Pan
(n=805)",13
59,"Pan
(n=805)",24
60,"Pan
(n=805)",22
61,"Pan
(n=805)",20
62,"Pan
(n=805)",16
63,"Pan
(n=805)",25
64,"Pan
(n=805)",27
65,"Pan
(n=805)",16
66,"Pan
(n=805)",14
67,"Pan
(n=805)",20
68,"Pan
(n=805)",29
69,"Pan
(n=805)",18
70,"Pan
(n=805)",18
71,"Pan
(n=805)",18
72,"Pan
(n=805)",23
73,"Pan
(n=805)",24
74,"Pan
(n=805)",24
75,"Pan
(n=805)",19
76,"Pan
(n=805)",27
77,"Pan
(n=805)",14
78,"Pan
(n=805)",25
79,"Pan
(n=805)",23
80,"Pan
(n=805)",21
81,"Pan
(n=805)",28
82,"Pan
(n=805)",20
83,"Pan
(n=805)",29
84,"Pan
(n=805)",16
85,"Pan
(n=805)",25
86,"Pan
(n=805)",20
87,"Pan
(n=805)",13
88,"Pan
(n=805)",23
89,"Pan
(n=805)",19
90,"Pan
(n=805)",24
91,"Pan
(n=805)",19
92,"Pan
(n=805)",22
93,"Pan
(n=805)",19
94,"Pan
(n=805)",18
95,"Pan
(n=805)",21
96,"Pan
(n=805)",18
97,"Pan
(n=805)",23
98,"Pan
(n=805)",20
99,"Pan
(n=805)",30
100,"Pan
(n=805)",22
101,"Pan
(n=805)",22
102,"Pan
(n=805)",25
103,"Pan
(n=805)",24
104,"Pan
(n=805)",20
105,"Pan
(n=805)",24
106,"Pan
(n=805)",16
107,"Pan
(n=805)",20
108,"Pan
(n=805)",26
109,"Pan
(n=805)",20
110,"Pan
(n=805)",17
111,"Pan
(n=805)",23
112,"Pan
(n=805)",21
113,"Pan
(n=805)",16
114,"Pan
(n=805)",25
115,"Pan
(n=805)",27
116,"Pan
(n=805)",25
117,"Pan
(n=805)",21
118,"Pan
(n=805)",18
119,"Pan
(n=805)",21
120,"Pan
(n=805)",28
121,"Pan
(n=805)",22
122,"Pan
(n=805)",26
123,"Pan
(n=805)",14
124,"Pan
(n=805)",19
125,"Pan
(n=805)",23
126,"Pan
(n=805)",22
127,"Pan
(n=805)",28
128,"Pan
(n=805)",20
129,"Pan
(n=805)",24
130,"Pan
(n=805)",23
131,"Pan
(n=805)",17
132,"Pan
(n=805)",25
133,"Pan
(n=805)",16
134,"Pan
(n=805)",21
135,"Pan
(n=805)",18
136,"Pan
(n=805)",16
137,"Pan
(n=805)",21
138,"Pan
(n=805)",19
139,"Pan
(n=805)",19
140,"Pan
(n=805)",17
141,"Pan
(n=805)",18
142,"Pan
(n=805)",25
143,"Pan
(n=805)",20
144,"Pan
(n=805)",16
145,"Pan
(n=805)",25
146,"Pan
(n=805)",23
147,"Pan
(n=805)",18
148,"Pan
(n=805)",18
149,"Pan
(n=805)",21
150,"Pan
(n=805)",28
151,"Pan
(n=805)",22
152,"Pan
(n=805)",22
153,"Pan
(n=805)",19
154,"Pan
(n=805)",16
155,"Pan
(n=805)",16
156,"Pan
(n=805)",19
157,"Pan
(n=805)",11
158,"Pan
(n=805)",21
159,"Pan
(n=805)",16
160,"Pan
(n=805)",19
161,"Pan
(n=805)",18
162,"Pan
(n=805)",22
163,"Pan
(n=805)",26
164,"Pan
(n=805)",19
165,"Pan
(n=805)",23
166,"Pan
(n=805)",21
167,"Pan
(n=805)",25
168,"Pan
(n=805)",23
169,"Pan
(n=805)",22
170,"Pan
(n=805)",13
171,"Pan
(n=805)",19
172,"Pan
(n=805)",23
173,"Pan
(n=805)",15
174,"Pan
(n=805)",18
175,"Pan
(n=805)",17
176,"Pan
(n=805)",20
177,"Pan
(n=805)",19
178,"Pan
(n=805)",26
179,"Pan
(n=805)",17
180,"Pan
(n=805)",19
181,"Pan
(n=805)",19
182,"Pan
(n=805)",20
183,"Pan
(n=805)",22
184,"Pan
(n=805)",21
185,"Pan
(n=805)",21
186,"Pan
(n=805)",20
187,"Pan
(n=805)",22
188,"Pan
(n=805)",20
189,"Pan
(n=805)",20
190,"Pan
(n=805)",23
191,"Pan
(n=805)",14
192,"Pan
(n=805)",23
193,"Pan
(n=805)",13
194,"Pan
(n=805)",19
195,"Pan
(n=805)",19
196,"Pan
(n=805)",16
197,"Pan
(n=805)",19
198,"Pan
(n=805)",18
199,"Pan
(n=805)",19
200,"Pan
(n=805)",19
201,"Pan
(n=805)",14
202,"Pan
(n=805)",17
203,"Pan
(n=805)",19
204,"Pan
(n=805)",28
205,"Pan
(n=805)",27
206,"Pan
(n=805)",22
207,"Pan
(n=805)",15
208,"Pan
(n=805)",18
209,"Pan
(n=805)",15
210,"Pan
(n=805)",17
211,"Pan
(n=805)",15
212,"Pan
(n=805)",16
213,"Pan
(n=805)",22
214,"Pan
(n=805)",16
215,"Pan
(n=805)",25
216,"Pan
(n=805)",23
217,"Pan
(n=805)",20
218,"Pan
(n=805)",26
219,"Pan
(n=805)",16
220,"Pan
(n=805)",19
221,"Pan
(n=805)",15
222,"Pan
(n=805)",24
223,"Pan
(n=805)",24
224,"Pan
(n=805)",22
225,"Pan
(n=805)",20
226,"Pan
(n=805)",18
227,"Pan
(n=805)",21
228,"Pan
(n=805)",22
229,"Pan
(n=805)",22
230,"Pan
(n=805)",13
231,"Pan
(n=805)",29
232,"Pan
(n=805)",30
233,"Pan
(n=805)",20
234,"Pan
(n=805)",20
235,"Pan
(n=805)",23
236,"Pan
(n=805)",18
237,"Pan
(n=805)",22
238,"Pan
(n=805)",16
239,"Pan
(n=805)",19
240,"Pan
(n=805)",21
241,"Pan
(n=805)",26
242,"Pan
(n=805)",25
243,"Pan
(n=805)",19
244,"Pan
(n=805)",15
245,"Pan
(n=805)",25
246,"Pan
(n=805)",24
247,"Pan
(n=805)",19
248,"Pan
(n=805)",26
249,"Pan
(n=805)",16
250,"Pan
(n=805)",15
251,"Pan
(n=805)",24
252,"Pan
(n=805)",22
253,"Pan
(n=805)",17
254,"Pan
(n=805)",20
255,"Pan
(n=805)",14
256,"Pan
(n=805)",24
257,"Pan
(n=805)",19
258,"Pan
(n=805)",29
259,"Pan
(n=805)",18
260,"Pan
(n=805)",22
261,"Pan
(n=805)",20
262,"Pan
(n=805)",20
263,"Pan
(n=805)",16
264,"Pan
(n=805)",18
265,"Pan
(n=805)",23
266,"Pan
(n=805)",20
267,"Pan
(n=805)",23
268,"Pan
(n=805)",23
269,"Pan
(n=805)",14
270,"Pan
(n=805)",11
271,"Pan
(n=805)",15
272,"Pan
(n=805)",20
273,"Pan
(n=805)",17
274,"Pan
(n=805)",25
275,"Pan
(n=805)",22
276,"Pan
(n=805)",20
277,"Pan
(n=805)",19
278,"Pan
(n=805)",15
279,"Pan
(n=805)",21
280,"Pan
(n=805)",23
281,"Pan
(n=805)",23
282,"Pan
(n=805)",28
283,"Pan
(n=805)",14
284,"Pan
(n=805)",29
285,"Pan
(n=805)",21
286,"Pan
(n=805)",18
287,"Pan
(n=805)",18
288,"Pan
(n=805)",25
289,"Pan
(n=805)",15
290,"Pan
(n=805)",26
291,"Pan
(n=805)",20
292,"Pan
(n=805)",26
293,"Pan
(n=805)",26
294,"Pan
(n=805)",20
295,"Pan
(n=805)",17
296,"Pan
(n=805)",26
297,"Pan
(n=805)",21
298,"Pan
(n=805)",18
299,"Pan
(n=805)",20
300,"Pan
(n=805)",21
301,"Pan
(n=805)",28
302,"Pan
(n=805)",14
303,"Pan
(n=805)",22
304,"Pan
(n=805)",19
305,"Pan
(n=805)",23
306,"Pan
(n=805)",19
307,"Pan
(n=805)",23
308,"Pan
(n=805)",24
309,"Pan
(n=805)",14
310,"Pan
(n=805)",16
311,"Pan
(n=805)",19
312,"Pan
(n=805)",18
313,"Pan
(n=805)",15
314,"Pan
(n=805)",17
315,"Pan
(n=805)",16
316,"Pan
(n=805)",19
317,"Pan
(n=805)",18
318,"Pan
(n=805)",19
319,"Pan
(n=805)",12
320,"Pan
(n=805)",24
321,"Pan
(n=805)",22
322,"Pan
(n=805)",25
323,"Pan
(n=805)",14
324,"Pan
(n=805)",24
325,"Pan
(n=805)",22
326,"Pan
(n=805)",23
327,"Pan
(n=805)",29
328,"Pan
(n=805)",22
329,"Pan
(n=805)",17
330,"Pan
(n=805)",17
331,"Pan
(n=805)",20
332,"Pan
(n=805)",22
333,"Pan
(n=805)",26
334,"Pan
(n=805)",18
335,"Pan
(n=805)",16
336,"Pan
(n=805)",15
337,"Pan
(n=805)",28
338,"Pan
(n=805)",16
339,"Pan
(n=805)",19
340,"Pan
(n=805)",21
341,"Pan
(n=805)",22
342,"Pan
(n=805)",15
343,"Pan
(n=805)",22
344,"Pan
(n=805)",18
345,"Pan
(n=805)",26
346,"Pan
(n=805)",18
347,"Pan
(n=805)",25
348,"Pan
(n=805)",24
349,"Pan
(n=805)",19
350,"Pan
(n=805)",22
351,"Pan
(n=805)",17
352,"Pan
(n=805)",18
353,"Pan
(n=805)",17
354,"Pan
(n=805)",15
355,"Pan
(n=805)",25
356,"Pan
(n=805)",25
357,"Pan
(n=805)",14
358,"Pan
(n=805)",20
359,"Pan
(n=805)",27
360,"Pan
(n=805)",23
361,"Pan
(n=805)",17
362,"Pan
(n=805)",17
363,"Pan
(n=805)",20
364,"Pan
(n=805)",24
365,"Pan
(n=805)",25
366,"Pan
(n=805)",15
367,"Pan
(n=805)",22
368,"Pan
(n=805)",20
369,"Pan
(n=805)",24
370,"Pan
(n=805)",13
371,"Pan
(n=805)",22
372,"Pan
(n=805)",17
373,"Pan
(n=805)",23
374,"Pan
(n=805)",29
375,"Pan
(n=805)",23
376,"Pan
(n=805)",28
377,"Pan
(n=805)",19
378,"Pan
(n=805)",23
379,"Pan
(n=805)",23
380,"Pan
(n=805)",19
381,"Pan
(n=805)",20
382,"Pan
(n=805)",25
383,"Pan
(n=805)",19
384,"Pan
(n=805)",17
385,"Pan
(n=805)",23
386,"Pan
(n=805)",20
387,"Pan
(n=805)",15
388,"Pan
(n=805)",21
389,"Pan
(n=805)",23
390,"Pan
(n=805)",17
391,"Pan
(n=805)",20
392,"Pan
(n=805)",25
393,"Pan
(n=805)",13
394,"Pan
(n=805)",19
395,"Pan
(n=805)",20
396,"Pan
(n=805)",14
397,"Pan
(n=805)",21
398,"Pan
(n=805)",26
399,"Pan
(n=805)",23
400,"Pan
(n=805)",19
401,"Pan
(n=805)",21
402,"Pan
(n=805)",15
403,"Pan
(n=805)",17
404,"Pan
(n=805)",14
405,"Pan
(n=805)",22
406,"Pan
(n=805)",19
407,"Pan
(n=805)",15
408,"Pan
(n=805)",21
409,"Pan
(n=805)",22
410,"Pan
(n=805)",22
411,"Pan
(n=805)",21
412,"Pan
(n=805)",26
413,"Pan
(n=805)",16
414,"Pan
(n=805)",17
415,"Pan
(n=805)",18
416,"Pan
(n=805)",28
417,"Pan
(n=805)",20
418,"Pan
(n=805)",29
419,"Pan
(n=805)",25
420,"Pan
(n=805)",14
421,"Pan
(n=805)",14
422,"Pan
(n=805)",28
423,"Pan
(n=805)",21
424,"Pan
(n=805)",20
425,"Pan
(n=805)",14
426,"Pan
(n=805)",25
427,"Pan
(n=805)",21
428,"Pan
(n=805)",21
429,"Pan
(n=805)",18
430,"Pan
(n=805)",16
431,"Pan
(n=805)",20
432,"Pan
(n=805)",14
433,"Pan
(n=805)",20
434,"Pan
(n=805)",20
435,"Pan
(n=805)",18
436,"Pan
(n=805)",19
437,"Pan
(n=805)",18
438,"Pan
(n=805)",11
439,"Pan
(n=805)",21
440,"Pan
(n=805)",17
441,"Pan
(n=805)",25
442,"Pan
(n=805)",15
443,"Pan
(n=805)",18
444,"Pan
(n=805)",12
445,"Pan
(n=805)",14
446,"Pan
(n=805)",23
447,"Pan
(n=805)",17
448,"Pan
(n=805)",19
449,"Pan
(n=805)",17
450,"Pan
(n=805)",19
451,"Pan
(n=805)",20
452,"Pan
(n=805)",19
453,"Pan
(n=805)",27
454,"Pan
(n=805)",21
455,"Pan
(n=805)",16
456,"Pan
(n=805)",31
457,"Pan
(n=805)",23
458,"Pan
(n=805)",24
459,"Pan
(n=805)",16
460,"Pan
(n=805)",19
461,"Pan
(n=805)",26
462,"Pan
(n=805)",12
463,"Pan
(n=805)",18
464,"Pan
(n=805)",22
465,"Pan
(n=805)",16
466,"Pan
(n=805)",26
467,"Pan
(n=805)",19
468,"Pan
(n=805)",25
469,"Pan
(n=805)",19
470,"Pan
(n=805)",17
471,"Pan
(n=805)",28
472,"Pan
(n=805)",19
473,"Pan
(n=805)",16
474,"Pan
(n=805)",24
475,"Pan
(n=805)",20
476,"Pan
(n=805)",19
477,"Pan
(n=805)",24
478,"Pan
(n=805)",17
479,"Pan
(n=805)",28
480,"Pan
(n=805)",20
481,"Pan
(n=805)",26
482,"Pan
(n=805)",22
483,"Pan
(n=805)",24
484,"Pan
(n=805)",22
485,"Pan
(n=805)",19
486,"Pan
(n=805)",19
487,"Pan
(n=805)",24
488,"Pan
(n=805)",18
489,"Pan
(n=805)",22
490,"Pan
(n=805)",23
491,"Pan
(n=805)",20
492,"Pan
(n=805)",17
493,"Pan
(n=805)",18
494,"Pan
(n=805)",20
495,"Pan
(n=805)",26
496,"Pan
(n=805)",18
497,"Pan
(n=805)",26
498,"Pan
(n=805)",22
499,"Pan
(n=805)",17
500,"Pan
(n=805)",24
501,"Pan
(n=805)",21
502,"Pan
(n=805)",24
503,"Pan
(n=805)",27
504,"Pan
(n=805)",25
505,"Pan
(n=805)",28
506,"Pan
(n=805)",20
507,"Pan
(n=805)",25
508,"Pan
(n=805)",16
509,"Pan
(n=805)",14
510,"Pan
(n=805)",19
511,"Pan
(n=805)",17
512,"Pan
(n=805)",26
513,"Pan
(n=805)",21
514,"Pan
(n=805)",19
515,"Pan
(n=805)",20
516,"Pan
(n=805)",26
517,"Pan
(n=805)",28
518,"Pan
(n=805)",21
519,"Pan
(n=805)",21
520,"Pan
(n=805)",21
521,"Pan
(n=805)",20
522,"Pan
(n=805)",17
523,"Pan
(n=805)",17
524,"Pan
(n=805)",20
525,"Pan
(n=805)",17
526,"Pan
(n=805)",27
527,"Pan
(n=805)",15
528,"Pan
(n=805)",17
529,"Pan
(n=805)",18
530,"Pan
(n=805)",19
531,"Pan
(n=805)",22
532,"Pan
(n=805)",18
533,"Pan
(n=805)",17
534,"Pan
(n=805)",20
535,"Pan
(n=805)",25
536,"Pan
(n=805)",25
537,"Pan
(n=805)",19
538,"Pan
(n=805)",20
539,"Pan
(n=805)",17
540,"Pan
(n=805)",27
541,"Pan
(n=805)",13
542,"Pan
(n=805)",16
543,"Pan
(n=805)",20
544,"Pan
(n=805)",21
545,"Pan
(n=805)",17
546,"Pan
(n=805)",18
547,"Pan
(n=805)",20
548,"Pan
(n=805)",18
549,"Pan
(n=805)",23
550,"Pan
(n=805)",17
551,"Pan
(n=805)",24
552,"Pan
(n=805)",20
553,"Pan
(n=805)",18
554,"Pan
(n=805)",18
555,"Pan
(n=805)",16
556,"Pan
(n=805)",17
557,"Pan
(n=805)",16
558,"Pan
(n=805)",20
559,"Pan
(n=805)",31
560,"Pan
(n=805)",17
561,"Pan
(n=805)",27
562,"Pan
(n=805)",20
563,"Pan
(n=805)",23
564,"Pan
(n=805)",22
565,"Pan
(n=805)",21
566,"Pan
(n=805)",18
567,"Pan
(n=805)",21
568,"Pan
(n=805)",26
569,"Pan
(n=805)",31
570,"Pan
(n=805)",17
571,"Pan
(n=805)",24
572,"Pan
(n=805)",18
573,"Pan
(n=805)",21
574,"Pan
(n=805)",14
575,"Pan
(n=805)",21
576,"Pan
(n=805)",24
577,"Pan
(n=805)",22
578,"Pan
(n=805)",17
579,"Pan
(n=805)",12
580,"Pan
(n=805)",19
581,"Pan
(n=805)",13
582,"Pan
(n=805)",24
583,"Pan
(n=805)",20
584,"Pan
(n=805)",26
585,"Pan
(n=805)",18
586,"Pan
(n=805)",20
587,"Pan
(n=805)",18
588,"Pan
(n=805)",23
589,"Pan
(n=805)",21
590,"Pan
(n=805)",23
591,"Pan
(n=805)",27
592,"Pan
(n=805)",22
593,"Pan
(n=805)",21
594,"Pan
(n=805)",19
595,"Pan
(n=805)",18
596,"Pan
(n=805)",20
597,"Pan
(n=805)",27
598,"Pan
(n=805)",18
599,"Pan
(n=805)",25
600,"Pan
(n=805)",25
601,"Pan
(n=805)",25
602,"Pan
(n=805)",18
603,"Pan
(n=805)",18
604,"Pan
(n=805)",19
605,"Pan
(n=805)",22
606,"Pan
(n=805)",18
607,"Pan
(n=805)",23
608,"Pan
(n=805)",23
609,"Pan
(n=805)",21
610,"Pan
(n=805)",20
611,"Pan
(n=805)",19
612,"Pan
(n=805)",14
613,"Pan
(n=805)",17
614,"Pan
(n=805)",23
615,"Pan
(n=805)",20
616,"Pan
(n=805)",16
617,"Pan
(n=805)",23
618,"Pan
(n=805)",18
619,"Pan
(n=805)",19
620,"Pan
(n=805)",14
621,"Pan
(n=805)",21
622,"Pan
(n=805)",23
623,"Pan
(n=805)",21
624,"Pan
(n=805)",20
625,"Pan
(n=805)",13
626,"Pan
(n=805)",22
627,"Pan
(n=805)",26
628,"Pan
(n=805)",30
629,"Pan
(n=805)",20
630,"Pan
(n=805)",23
631,"Pan
(n=805)",29
632,"Pan
(n=805)",23
633,"Pan
(n=805)",18
634,"Pan
(n=805)",17
635,"Pan
(n=805)",21
636,"Pan
(n=805)",24
637,"Pan
(n=805)",15
638,"Pan
(n=805)",20
639,"Pan
(n=805)",22
640,"Pan
(n=805)",20
641,"Pan
(n=805)",24
642,"Pan
(n=805)",19
643,"Pan
(n=805)",24
644,"Pan
(n=805)",20
645,"Pan
(n=805)",21
646,"Pan
(n=805)",15
647,"Pan
(n=805)",20
648,"Pan
(n=805)",24
649,"Pan
(n=805)",13
650,"Pan
(n=805)",19
651,"Pan
(n=805)",25
652,"Pan
(n=805)",22
653,"Pan
(n=805)",21
654,"Pan
(n=805)",23
655,"Pan
(n=805)",22
656,"Pan
(n=805)",19
657,"Pan
(n=805)",21
658,"Pan
(n=805)",23
659,"Pan
(n=805)",24
660,"Pan
(n=805)",19
661,"Pan
(n=805)",20
662,"Pan
(n=805)",16
663,"Pan
(n=805)",18
664,"Pan
(n=805)",24
665,"Pan
(n=805)",24
666,"Pan
(n=805)",19
667,"Pan
(n=805)",15
668,"Pan
(n=805)",18
669,"Pan
(n=805)",16
670,"Pan
(n=805)",19
671,"Pan
(n=805)",22
672,"Pan
(n=805)",18
673,"Pan
(n=805)",24
674,"Pan
(n=805)",23
675,"Pan
(n=805)",22
676,"Pan
(n=805)",24
677,"Pan
(n=805)",23
678,"Pan
(n=805)",21
679,"Pan
(n=805)",23
680,"Pan
(n=805)",27
681,"Pan
(n=805)",21
682,"Pan
(n=805)",22
683,"Pan
(n=805)",23
684,"Pan
(n=805)",30
685,"Pan
(n=805)",20
686,"Pan
(n=805)",18
687,"Pan
(n=805)",23
688,"Pan
(n=805)",16
689,"Pan
(n=805)",15
690,"Pan
(n=805)",17
691,"Pan
(n=805)",18
692,"Pan
(n=805)",25
693,"Pan
(n=805)",12
694,"Pan
(n=805)",31
695,"Pan
(n=805)",26
696,"Pan
(n=805)",23
697,"Pan
(n=805)",27
698,"Pan
(n=805)",17
699,"Pan
(n=805)",15
700,"Pan
(n=805)",17
701,"Pan
(n=805)",21
702,"Pan
(n=805)",14
703,"Pan
(n=805)",15
704,"Pan
(n=805)",20
705,"Pan
(n=805)",19
706,"Pan
(n=805)",24
707,"Pan
(n=805)",24
708,"Pan
(n=805)",15
709,"Pan
(n=805)",22
710,"Pan
(n=805)",17
711,"Pan
(n=805)",15
712,"Pan
(n=805)",25
713,"Pan
(n=805)",22
714,"Pan
(n=805)",22
715,"Pan
(n=805)",20
716,"Pan
(n=805)",19
717,"Pan
(n=805)",20
718,"Pan
(n=805)",16
719,"Pan
(n=805)",11
720,"Pan
(n=805)",24
721,"Pan
(n=805)",29
722,"Pan
(n=805)",23
723,"Pan
(n=805)",18
724,"Pan
(n=805)",22
725,"Pan
(n=805)",16
726,"Pan
(n=805)",18
727,"Pan
(n=805)",24
728,"Pan
(n=805)",28
729,"Pan
(n=805)",25
730,"Pan
(n=805)",18
731,"Pan
(n=805)",21
732,"Pan
(n=805)",17
733,"Pan
(n=805)",19
734,"Pan
(n=805)",29
735,"Pan
(n=805)",14
736,"Pan
(n=805)",20
737,"Pan
(n=805)",16
738,"Pan
(n=805)",21
739,"Pan
(n=805)",23
740,"Pan
(n=805)",13
741,"Pan
(n=805)",26
742,"Pan
(n=805)",18
743,"Pan
(n=805)",18
744,"Pan
(n=805)",14
745,"Pan
(n=805)",26
746,"Pan
(n=805)",20
747,"Pan
(n=805)",18
748,"Pan
(n=805)",21
749,"Pan
(n=805)",18
750,"Pan
(n=805)",27
751,"Pan
(n=805)",21
752,"Pan
(n=805)",21
753,"Pan
(n=805)",20
754,"Pan
(n=805)",23
755,"Pan
(n=805)",19
756,"Pan
(n=805)",25
757,"Pan
(n=805)",16
758,"Pan
(n=805)",17
759,"Pan
(n=805)",16
760,"Pan
(n=805)",23
761,"Pan
(n=805)",18
762,"Pan
(n=805)",20
763,"Pan
(n=805)",24
764,"Pan
(n=805)",19
765,"Pan
(n=805)",17
766,"Pan
(n=805)",24
767,"Pan
(n=805)",22
768,"Pan
(n=805)",14
769,"Pan
(n=805)",19
770,"Pan
(n=805)",22
771,"Pan
(n=805)",27
772,"Pan
(n=805)",22
773,"Pan
(n=805)",16
774,"Pan
(n=805)",22
775,"Pan
(n=805)",22
776,"Pan
(n=805)",18
777,"Pan
(n=805)",17
778,"Pan
(n=805)",23
779,"Pan
(n=805)",17
780,"Pan
(n=805)",19
781,"Pan
(n=805)",22
782,"Pan
(n=805)",21
783,"Pan
(n=805)",19
784,"Pan
(n=805)",20
785,"Pan
(n=805)",20
786,"Pan
(n=805)",27
787,"Pan
(n=805)",15
788,"Pan
(n=805)",25
789,"Pan
(n=805)",23
790,"Pan
(n=805)",18
791,"Pan
(n=805)",17
792,"Pan
(n=805)",19
793,"Pan
(n=805)",20
794,"Pan
(n=805)",22
795,"Pan
(n=805)",22
796,"Pan
(n=805)",26
797,"Pan
(n=805)",21
798,"Pan
(n=805)",22
799,"Pan
(n=805)",23
800,"Pan
(n=805)",23
801,"Pan
(n=805)",28
802,"Pan
(n=805)",25
803,"Pan
(n=805)",25
804,"Pan
(n=805)",21
805,"Pan
(n=805)",27
806,"Pan
(n=805)",21
807,"Pan
(n=805)",28
808,"Pan
(n=805)",21
809,"Pan
(n=805)",22
810,"Pan
(n=805)",17
811,"Pan
(n=805)",22
812,"Pan
(n=805)",18
813,"Pan
(n=805)",24
814,"Pan
(n=805)",21
815,"Pan
(n=805)",22
816,"Pan
(n=805)",16
817,"Pan
(n=805)",11
818,"Pan
(n=805)",16
819,"Pan
(n=805)",21
820,"Pan
(n=805)",22
821,"Pan
(n=805)",22
822,"Pan
(n=805)",23
823,"Pan
(n=805)",25
824,"Pan
(n=805)",22
825,"Pan
(n=805)",24
826,"Pan
(n=805)",18
827,"Pan
(n=805)",23
828,"Pan
(n=805)",21
829,"Pan
(n=805)",18
830,"Pan
(n=805)",21
831,"Pan
(n=805)",20
832,"Pan
(n=805)",19
833,"Pan
(n=805)",26
834,"Pan
(n=805)",17
835,"Pan
(n=805)",17
836,"Pan
(n=805)",8
837,"Pan
(n=805)",20
838,"Pan
(n=805)",9
839,"Pan
(n=805)",16
840,"Pan
(n=805)",23
841,"Pan
(n=805)",17
842,"Pan
(n=805)",14
843,"Pan
(n=805)",28
844,"Pan
(n=805)",22
845,"Pan
(n=805)",17
846,"Pan
(n=805)",18
847,"Pan
(n=805)",12
848,"Pan
(n=805)",19
849,"Pan
(n=805)",14
850,"Pan
(n=805)",25
851,"Pan
(n=805)",19
852,"Pan
(n=805)",13
853,"Pan
(n=805)",22
854,"Pan
(n=805)",19
855,"Pan
(n=805)",19
856,"Pan
(n=805)",27
857,"Pan
(n=805)",20
858,"Pan
(n=805)",23
859,"Pan
(n=805)",23
860,"Pan
(n=805)",19
861,"Pan
(n=805)",13
862,"Pan
(n=805)",24
863,"Pan
(n=805)",19
864,"Pan
(n=805)",22
865,"Pan
(n=805)",22
866,"Pan
(n=805)",17
867,"Pan
(n=805)",19
868,"Pan
(n=805)",23
869,"Pan
(n=805)",24
870,"Pan
(n=805)",13
871,"Pan
(n=805)",25
872,"Pan
(n=805)",19
873,"Pan
(n=805)",16
874,"Pan
(n=805)",25
875,"Pan
(n=805)",17
876,"Pan
(n=805)",20
877,"Pan
(n=805)",18
878,"Pan
(n=805)",24
879,"Pan
(n=805)",18
880,"Pan
(n=805)",18
881,"Pan
(n=805)",21
882,"Pan
(n=805)",21
883,"Pan
(n=805)",20
884,"Pan
(n=805)",19
885,"Pan
(n=805)",17
886,"Pan
(n=805)",16
887,"Pan
(n=805)",14
888,"Pan
(n=805)",20
889,"Pan
(n=805)",17
890,"Pan
(n=805)",22
891,"Pan
(n=805)",20
892,"Pan
(n=805)",20
893,"Pan
(n=805)",17
894,"Pan
(n=805)",21
895,"Pan
(n=805)",20
896,"Pan
(n=805)",16
897,"Pan
(n=805)",24
898,"Pan
(n=805)",25
899,"Pan
(n=805)",21
900,"Pan
(n=805)",19
901,"Pan
(n=805)",19
902,"Pan
(n=805)",22
903,"Pan
(n=805)",24
904,"Pan
(n=805)",21
905,"Pan
(n=805)",18
906,"Pan
(n=805)",17
907,"Pan
(n=805)",13
908,"Pan
(n=805)",26
909,"Pan
(n=805)",23
910,"Pan
(n=805)",19
911,"Pan
(n=805)",24
912,"Pan
(n=805)",18
913,"Pan
(n=805)",19
914,"Pan
(n=805)",24
915,"Pan
(n=805)",20
916,"Pan
(n=805)",18
917,"Pan
(n=805)",22
918,"Pan
(n=805)",24
919,"Pan
(n=805)",21
920,"Pan
(n=805)",17
921,"Pan
(n=805)",22
922,"Pan
(n=805)",22
923,"Pan
(n=805)",23
924,"Pan
(n=805)",25
925,"Pan
(n=805)",14
926,"Pan
(n=805)",16
927,"Pan
(n=805)",22
928,"Pan
(n=805)",20
929,"Pan
(n=805)",21
930,"Pan
(n=805)",16
931,"Pan
(n=805)",27
932,"Pan
(n=805)",20
933,"Pan
(n=805)",20
934,"Pan
(n=805)",23
935,"Pan
(n=805)",19
936,"Pan
(n=805)",17
937,"Pan
(n=805)",18
938,"Pan
(n=805)",26
939,"Pan
(n=805)",17
940,"Pan
(n=805)",23
941,"Pan
(n=805)",17
942,"Pan
(n=805)",23
943,"Pan
(n=805)",24
944,"Pan
(n=805)",19
945,"Pan
(n=805)",14
946,"Pan
(n=805)",23
947,"Pan
(n=805)",19
948,"Pan
(n=805)",24
949,"Pan
(n=805)",21
950,"Pan
(n=805)",17
951,"Pan
(n=805)",26
952,"Pan
(n=805)",26
953,"Pan
(n=805)",25
954,"Pan
(n=805)",22
955,"Pan
(n=805)",26
956,"Pan
(n=805)",14
957,"Pan
(n=805)",17
958,"Pan
(n=805)",22
959,"Pan
(n=805)",20
960,"Pan
(n=805)",13
961,"Pan
(n=805)",17
962,"Pan
(n=805)",20
963,"Pan
(n=805)",17
964,"Pan
(n=805)",21
965,"Pan
(n=805)",18
966,"Pan
(n=805)",19
967,"Pan
(n=805)",10
968,"Pan
(n=805)",21
969,"Pan
(n=805)",16
970,"Pan
(n=805)",24
971,"Pan
(n=805)",11
972,"Pan
(n=805)",24
973,"Pan
(n=805)",15
974,"Pan
(n=805)",17
975,"Pan
(n=805)",21
976,"Pan
(n=805)",30
977,"Pan
(n=805)",19
978,"Pan
(n=805)",20
979,"Pan
(n=805)",25
980,"Pan
(n=805)",24
981,"Pan
(n=805)",21
982,"Pan
(n=805)",24
983,"Pan
(n=805)",22
984,"Pan
(n=805)",19
985,"Pan
(n=805)",15
986,"Pan
(n=805)",20
987,"Pan
(n=805)",23
988,"Pan
(n=805)",21
989,"Pan
(n=805)",22
990,"Pan
(n=805)",23
991,"Pan
(n=805)",20
992,"Pan
(n=805)",14
993,"Pan
(n=805)",20
994,"Pan
(n=805)",14
995,"Pan
(n=805)",15
996,"Pan
(n=805)",27
997,"Pan
(n=805)",25
998,"Pan
(n=805)",16
999,"Pan
(n=805)",19
1000,"Pan
(n=805)",19
1,"Lung
(n=485)",32
2,"Lung
(n=485)",30
3,"Lung
(n=485)",41
4,"Lung
(n=485)",37
5,"Lung
(n=485)",25
6,"Lung
(n=485)",37
7,"Lung
(n=485)",34
8,"Lung
(n=485)",37
9,"Lung
(n=485)",35
10,"Lung
(n=485)",29
11,"Lung
(n=485)",32
12,"Lung
(n=485)",31
13,"Lung
(n=485)",29
14,"Lung
(n=485)",35
15,"Lung
(n=485)",39
16,"Lung
(n=485)",35
17,"Lung
(n=485)",38
18,"Lung
(n=485)",43
19,"Lung
(n=485)",40
20,"Lung
(n=485)",32
21,"Lung
(n=485)",37
22,"Lung
(n=485)",35
23,"Lung
(n=485)",36
24,"Lung
(n=485)",32
25,"Lung
(n=485)",30
26,"Lung
(n=485)",35
27,"Lung
(n=485)",29
28,"Lung
(n=485)",41
29,"Lung
(n=485)",29
30,"Lung
(n=485)",35
31,"Lung
(n=485)",33
32,"Lung
(n=485)",30
33,"Lung
(n=485)",35
34,"Lung
(n=485)",41
35,"Lung
(n=485)",37
36,"Lung
(n=485)",32
37,"Lung
(n=485)",38
38,"Lung
(n=485)",32
39,"Lung
(n=485)",38
40,"Lung
(n=485)",33
41,"Lung
(n=485)",29
42,"Lung
(n=485)",30
43,"Lung
(n=485)",36
44,"Lung
(n=485)",31
45,"Lung
(n=485)",29
46,"Lung
(n=485)",34
47,"Lung
(n=485)",35
48,"Lung
(n=485)",38
49,"Lung
(n=485)",39
50,"Lung
(n=485)",38
51,"Lung
(n=485)",31
52,"Lung
(n=485)",37
53,"Lung
(n=485)",27
54,"Lung
(n=485)",45
55,"Lung
(n=485)",42
56,"Lung
(n=485)",33
57,"Lung
(n=485)",37
58,"Lung
(n=485)",35
59,"Lung
(n=485)",29
60,"Lung
(n=485)",39
61,"Lung
(n=485)",35
62,"Lung
(n=485)",40
63,"Lung
(n=485)",36
64,"Lung
(n=485)",35
65,"Lung
(n=485)",39
66,"Lung
(n=485)",33
67,"Lung
(n=485)",28
68,"Lung
(n=485)",42
69,"Lung
(n=485)",28
70,"Lung
(n=485)",44
71,"Lung
(n=485)",37
72,"Lung
(n=485)",33
73,"Lung
(n=485)",31
74,"Lung
(n=485)",38
75,"Lung
(n=485)",40
76,"Lung
(n=485)",32
77,"Lung
(n=485)",35
78,"Lung
(n=485)",48
79,"Lung
(n=485)",39
80,"Lung
(n=485)",32
81,"Lung
(n=485)",33
82,"Lung
(n=485)",41
83,"Lung
(n=485)",43
84,"Lung
(n=485)",36
85,"Lung
(n=485)",32
86,"Lung
(n=485)",29
87,"Lung
(n=485)",43
88,"Lung
(n=485)",34
89,"Lung
(n=485)",36
90,"Lung
(n=485)",27
91,"Lung
(n=485)",37
92,"Lung
(n=485)",46
93,"Lung
(n=485)",40
94,"Lung
(n=485)",31
95,"Lung
(n=485)",25
96,"Lung
(n=485)",40
97,"Lung
(n=485)",32
98,"Lung
(n=485)",33
99,"Lung
(n=485)",38
100,"Lung
(n=485)",37
101,"Lung
(n=485)",36
102,"Lung
(n=485)",31
103,"Lung
(n=485)",38
104,"Lung
(n=485)",33
105,"Lung
(n=485)",39
106,"Lung
(n=485)",38
107,"Lung
(n=485)",31
108,"Lung
(n=485)",37
109,"Lung
(n=485)",36
110,"Lung
(n=485)",36
111,"Lung
(n=485)",37
112,"Lung
(n=485)",29
113,"Lung
(n=485)",31
114,"Lung
(n=485)",41
115,"Lung
(n=485)",32
116,"Lung
(n=485)",33
117,"Lung
(n=485)",28
118,"Lung
(n=485)",40
119,"Lung
(n=485)",30
120,"Lung
(n=485)",34
121,"Lung
(n=485)",38
122,"Lung
(n=485)",34
123,"Lung
(n=485)",33
124,"Lung
(n=485)",38
125,"Lung
(n=485)",36
126,"Lung
(n=485)",33
127,"Lung
(n=485)",31
128,"Lung
(n=485)",37
129,"Lung
(n=485)",40
130,"Lung
(n=485)",38
131,"Lung
(n=485)",36
132,"Lung
(n=485)",36
133,"Lung
(n=485)",34
134,"Lung
(n=485)",39
135,"Lung
(n=485)",39
136,"Lung
(n=485)",36
137,"Lung
(n=485)",38
138,"Lung
(n=485)",32
139,"Lung
(n=485)",44
140,"Lung
(n=485)",38
141,"Lung
(n=485)",22
142,"Lung
(n=485)",38
143,"Lung
(n=485)",27
144,"Lung
(n=485)",49
145,"Lung
(n=485)",33
146,"Lung
(n=485)",34
147,"Lung
(n=485)",35
148,"Lung
(n=485)",36
149,"Lung
(n=485)",38
150,"Lung
(n=485)",26
151,"Lung
(n=485)",35
152,"Lung
(n=485)",30
153,"Lung
(n=485)",41
154,"Lung
(n=485)",32
155,"Lung
(n=485)",37
156,"Lung
(n=485)",32
157,"Lung
(n=485)",29
158,"Lung
(n=485)",34
159,"Lung
(n=485)",34
160,"Lung
(n=485)",28
161,"Lung
(n=485)",29
162,"Lung
(n=485)",39
163,"Lung
(n=485)",33
164,"Lung
(n=485)",30
165,"Lung
(n=485)",30
166,"Lung
(n=485)",31
167,"Lung
(n=485)",34
168,"Lung
(n=485)",42
169,"Lung
(n=485)",31
170,"Lung
(n=485)",33
171,"Lung
(n=485)",42
172,"Lung
(n=485)",36
173,"Lung
(n=485)",31
174,"Lung
(n=485)",28
175,"Lung
(n=485)",24
176,"Lung
(n=485)",37
177,"Lung
(n=485)",28
178,"Lung
(n=485)",32
179,"Lung
(n=485)",21
180,"Lung
(n=485)",25
181,"Lung
(n=485)",34
182,"Lung
(n=485)",38
183,"Lung
(n=485)",37
184,"Lung
(n=485)",33
185,"Lung
(n=485)",34
186,"Lung
(n=485)",37
187,"Lung
(n=485)",43
188,"Lung
(n=485)",46
189,"Lung
(n=485)",36
190,"Lung
(n=485)",42
191,"Lung
(n=485)",32
192,"Lung
(n=485)",39
193,"Lung
(n=485)",39
194,"Lung
(n=485)",34
195,"Lung
(n=485)",37
196,"Lung
(n=485)",31
197,"Lung
(n=485)",36
198,"Lung
(n=485)",39
199,"Lung
(n=485)",30
200,"Lung
(n=485)",38
201,"Lung
(n=485)",34
202,"Lung
(n=485)",37
203,"Lung
(n=485)",32
204,"Lung
(n=485)",31
205,"Lung
(n=485)",38
206,"Lung
(n=485)",29
207,"Lung
(n=485)",41
208,"Lung
(n=485)",29
209,"Lung
(n=485)",38
210,"Lung
(n=485)",38
211,"Lung
(n=485)",34
212,"Lung
(n=485)",35
213,"Lung
(n=485)",32
214,"Lung
(n=485)",32
215,"Lung
(n=485)",34
216,"Lung
(n=485)",32
217,"Lung
(n=485)",30
218,"Lung
(n=485)",24
219,"Lung
(n=485)",33
220,"Lung
(n=485)",40
221,"Lung
(n=485)",36
222,"Lung
(n=485)",31
223,"Lung
(n=485)",28
224,"Lung
(n=485)",39
225,"Lung
(n=485)",36
226,"Lung
(n=485)",32
227,"Lung
(n=485)",41
228,"Lung
(n=485)",38
229,"Lung
(n=485)",27
230,"Lung
(n=485)",39
231,"Lung
(n=485)",35
232,"Lung
(n=485)",38
233,"Lung
(n=485)",42
234,"Lung
(n=485)",33
235,"Lung
(n=485)",44
236,"Lung
(n=485)",41
237,"Lung
(n=485)",37
238,"Lung
(n=485)",30
239,"Lung
(n=485)",34
240,"Lung
(n=485)",40
241,"Lung
(n=485)",38
242,"Lung
(n=485)",31
243,"Lung
(n=485)",31
244,"Lung
(n=485)",35
245,"Lung
(n=485)",35
246,"Lung
(n=485)",30
247,"Lung
(n=485)",37
248,"Lung
(n=485)",32
249,"Lung
(n=485)",41
250,"Lung
(n=485)",27
251,"Lung
(n=485)",31
252,"Lung
(n=485)",43
253,"Lung
(n=485)",36
254,"Lung
(n=485)",36
255,"Lung
(n=485)",27
256,"Lung
(n=485)",29
257,"Lung
(n=485)",36
258,"Lung
(n=485)",33
259,"Lung
(n=485)",33
260,"Lung
(n=485)",38
261,"Lung
(n=485)",30
262,"Lung
(n=485)",39
263,"Lung
(n=485)",30
264,"Lung
(n=485)",35
265,"Lung
(n=485)",33
266,"Lung
(n=485)",33
267,"Lung
(n=485)",31
268,"Lung
(n=485)",38
269,"Lung
(n=485)",41
270,"Lung
(n=485)",35
271,"Lung
(n=485)",28
272,"Lung
(n=485)",36
273,"Lung
(n=485)",40
274,"Lung
(n=485)",33
275,"Lung
(n=485)",34
276,"Lung
(n=485)",30
277,"Lung
(n=485)",38
278,"Lung
(n=485)",42
279,"Lung
(n=485)",36
280,"Lung
(n=485)",38
281,"Lung
(n=485)",41
282,"Lung
(n=485)",33
283,"Lung
(n=485)",44
284,"Lung
(n=485)",38
285,"Lung
(n=485)",41
286,"Lung
(n=485)",38
287,"Lung
(n=485)",32
288,"Lung
(n=485)",31
289,"Lung
(n=485)",32
290,"Lung
(n=485)",34
291,"Lung
(n=485)",26
292,"Lung
(n=485)",47
293,"Lung
(n=485)",33
294,"Lung
(n=485)",43
295,"Lung
(n=485)",40
296,"Lung
(n=485)",37
297,"Lung
(n=485)",32
298,"Lung
(n=485)",34
299,"Lung
(n=485)",38
300,"Lung
(n=485)",37
301,"Lung
(n=485)",33
302,"Lung
(n=485)",34
303,"Lung
(n=485)",24
304,"Lung
(n=485)",32
305,"Lung
(n=485)",39
306,"Lung
(n=485)",32
307,"Lung
(n=485)",39
308,"Lung
(n=485)",31
309,"Lung
(n=485)",28
310,"Lung
(n=485)",31
311,"Lung
(n=485)",37
312,"Lung
(n=485)",30
313,"Lung
(n=485)",33
314,"Lung
(n=485)",24
315,"Lung
(n=485)",43
316,"Lung
(n=485)",29
317,"Lung
(n=485)",40
318,"Lung
(n=485)",29
319,"Lung
(n=485)",38
320,"Lung
(n=485)",32
321,"Lung
(n=485)",36
322,"Lung
(n=485)",37
323,"Lung
(n=485)",38
324,"Lung
(n=485)",30
325,"Lung
(n=485)",37
326,"Lung
(n=485)",44
327,"Lung
(n=485)",35
328,"Lung
(n=485)",38
329,"Lung
(n=485)",33
330,"Lung
(n=485)",33
331,"Lung
(n=485)",32
332,"Lung
(n=485)",43
333,"Lung
(n=485)",36
334,"Lung
(n=485)",39
335,"Lung
(n=485)",30
336,"Lung
(n=485)",34
337,"Lung
(n=485)",36
338,"Lung
(n=485)",30
339,"Lung
(n=485)",26
340,"Lung
(n=485)",31
341,"Lung
(n=485)",34
342,"Lung
(n=485)",29
343,"Lung
(n=485)",30
344,"Lung
(n=485)",42
345,"Lung
(n=485)",30
346,"Lung
(n=485)",39
347,"Lung
(n=485)",41
348,"Lung
(n=485)",39
349,"Lung
(n=485)",37
350,"Lung
(n=485)",31
351,"Lung
(n=485)",22
352,"Lung
(n=485)",33
353,"Lung
(n=485)",33
354,"Lung
(n=485)",42
355,"Lung
(n=485)",31
356,"Lung
(n=485)",29
357,"Lung
(n=485)",44
358,"Lung
(n=485)",33
359,"Lung
(n=485)",23
360,"Lung
(n=485)",31
361,"Lung
(n=485)",23
362,"Lung
(n=485)",29
363,"Lung
(n=485)",39
364,"Lung
(n=485)",33
365,"Lung
(n=485)",36
366,"Lung
(n=485)",33
367,"Lung
(n=485)",43
368,"Lung
(n=485)",43
369,"Lung
(n=485)",33
370,"Lung
(n=485)",29
371,"Lung
(n=485)",35
372,"Lung
(n=485)",39
373,"Lung
(n=485)",46
374,"Lung
(n=485)",36
375,"Lung
(n=485)",35
376,"Lung
(n=485)",37
377,"Lung
(n=485)",27
378,"Lung
(n=485)",41
379,"Lung
(n=485)",32
380,"Lung
(n=485)",44
381,"Lung
(n=485)",32
382,"Lung
(n=485)",33
383,"Lung
(n=485)",38
384,"Lung
(n=485)",42
385,"Lung
(n=485)",29
386,"Lung
(n=485)",26
387,"Lung
(n=485)",43
388,"Lung
(n=485)",33
389,"Lung
(n=485)",37
390,"Lung
(n=485)",32
391,"Lung
(n=485)",29
392,"Lung
(n=485)",33
393,"Lung
(n=485)",35
394,"Lung
(n=485)",43
395,"Lung
(n=485)",26
396,"Lung
(n=485)",34
397,"Lung
(n=485)",28
398,"Lung
(n=485)",36
399,"Lung
(n=485)",31
400,"Lung
(n=485)",33
401,"Lung
(n=485)",37
402,"Lung
(n=485)",29
403,"Lung
(n=485)",29
404,"Lung
(n=485)",42
405,"Lung
(n=485)",29
406,"Lung
(n=485)",43
407,"Lung
(n=485)",29
408,"Lung
(n=485)",36
409,"Lung
(n=485)",38
410,"Lung
(n=485)",34
411,"Lung
(n=485)",35
412,"Lung
(n=485)",29
413,"Lung
(n=485)",32
414,"Lung
(n=485)",34
415,"Lung
(n=485)",36
416,"Lung
(n=485)",33
417,"Lung
(n=485)",29
418,"Lung
(n=485)",29
419,"Lung
(n=485)",29
420,"Lung
(n=485)",40
421,"Lung
(n=485)",29
422,"Lung
(n=485)",27
423,"Lung
(n=485)",32
424,"Lung
(n=485)",39
425,"Lung
(n=485)",35
426,"Lung
(n=485)",37
427,"Lung
(n=485)",47
428,"Lung
(n=485)",37
429,"Lung
(n=485)",33
430,"Lung
(n=485)",32
431,"Lung
(n=485)",25
432,"Lung
(n=485)",31
433,"Lung
(n=485)",24
434,"Lung
(n=485)",26
435,"Lung
(n=485)",30
436,"Lung
(n=485)",47
437,"Lung
(n=485)",33
438,"Lung
(n=485)",31
439,"Lung
(n=485)",42
440,"Lung
(n=485)",33
441,"Lung
(n=485)",27
442,"Lung
(n=485)",35
443,"Lung
(n=485)",30
444,"Lung
(n=485)",34
445,"Lung
(n=485)",33
446,"Lung
(n=485)",24
447,"Lung
(n=485)",32
448,"Lung
(n=485)",33
449,"Lung
(n=485)",33
450,"Lung
(n=485)",42
451,"Lung
(n=485)",35
452,"Lung
(n=485)",41
453,"Lung
(n=485)",23
454,"Lung
(n=485)",38
455,"Lung
(n=485)",39
456,"Lung
(n=485)",37
457,"Lung
(n=485)",33
458,"Lung
(n=485)",32
459,"Lung
(n=485)",36
460,"Lung
(n=485)",26
461,"Lung
(n=485)",29
462,"Lung
(n=485)",35
463,"Lung
(n=485)",31
464,"Lung
(n=485)",31
465,"Lung
(n=485)",35
466,"Lung
(n=485)",28
467,"Lung
(n=485)",38
468,"Lung
(n=485)",31
469,"Lung
(n=485)",30
470,"Lung
(n=485)",37
471,"Lung
(n=485)",32
472,"Lung
(n=485)",40
473,"Lung
(n=485)",30
474,"Lung
(n=485)",37
475,"Lung
(n=485)",37
476,"Lung
(n=485)",32
477,"Lung
(n=485)",39
478,"Lung
(n=485)",36
479,"Lung
(n=485)",34
480,"Lung
(n=485)",33
481,"Lung
(n=485)",39
482,"Lung
(n=485)",30
483,"Lung
(n=485)",34
484,"Lung
(n=485)",27
485,"Lung
(n=485)",38
486,"Lung
(n=485)",33
487,"Lung
(n=485)",38
488,"Lung
(n=485)",42
489,"Lung
(n=485)",36
490,"Lung
(n=485)",34
491,"Lung
(n=485)",42
492,"Lung
(n=485)",37
493,"Lung
(n=485)",44
494,"Lung
(n=485)",40
495,"Lung
(n=485)",35
496,"Lung
(n=485)",35
497,"Lung
(n=485)",36
498,"Lung
(n=485)",33
499,"Lung
(n=485)",41
500,"Lung
(n=485)",39
501,"Lung
(n=485)",28
502,"Lung
(n=485)",27
503,"Lung
(n=485)",41
504,"Lung
(n=485)",37
505,"Lung
(n=485)",40
506,"Lung
(n=485)",20
507,"Lung
(n=485)",30
508,"Lung
(n=485)",26
509,"Lung
(n=485)",29
510,"Lung
(n=485)",37
511,"Lung
(n=485)",27
512,"Lung
(n=485)",39
513,"Lung
(n=485)",34
514,"Lung
(n=485)",31
515,"Lung
(n=485)",38
516,"Lung
(n=485)",35
517,"Lung
(n=485)",32
518,"Lung
(n=485)",31
519,"Lung
(n=485)",29
520,"Lung
(n=485)",37
521,"Lung
(n=485)",35
522,"Lung
(n=485)",30
523,"Lung
(n=485)",35
524,"Lung
(n=485)",36
525,"Lung
(n=485)",29
526,"Lung
(n=485)",28
527,"Lung
(n=485)",40
528,"Lung
(n=485)",30
529,"Lung
(n=485)",38
530,"Lung
(n=485)",34
531,"Lung
(n=485)",37
532,"Lung
(n=485)",33
533,"Lung
(n=485)",37
534,"Lung
(n=485)",49
535,"Lung
(n=485)",30
536,"Lung
(n=485)",35
537,"Lung
(n=485)",42
538,"Lung
(n=485)",38
539,"Lung
(n=485)",30
540,"Lung
(n=485)",25
541,"Lung
(n=485)",42
542,"Lung
(n=485)",25
543,"Lung
(n=485)",29
544,"Lung
(n=485)",37
545,"Lung
(n=485)",34
546,"Lung
(n=485)",42
547,"Lung
(n=485)",29
548,"Lung
(n=485)",26
549,"Lung
(n=485)",34
550,"Lung
(n=485)",30
551,"Lung
(n=485)",35
552,"Lung
(n=485)",35
553,"Lung
(n=485)",39
554,"Lung
(n=485)",37
555,"Lung
(n=485)",32
556,"Lung
(n=485)",35
557,"Lung
(n=485)",19
558,"Lung
(n=485)",31
559,"Lung
(n=485)",33
560,"Lung
(n=485)",32
561,"Lung
(n=485)",40
562,"Lung
(n=485)",32
563,"Lung
(n=485)",25
564,"Lung
(n=485)",36
565,"Lung
(n=485)",45
566,"Lung
(n=485)",37
567,"Lung
(n=485)",26
568,"Lung
(n=485)",47
569,"Lung
(n=485)",31
570,"Lung
(n=485)",34
571,"Lung
(n=485)",29
572,"Lung
(n=485)",39
573,"Lung
(n=485)",27
574,"Lung
(n=485)",31
575,"Lung
(n=485)",37
576,"Lung
(n=485)",33
577,"Lung
(n=485)",33
578,"Lung
(n=485)",22
579,"Lung
(n=485)",23
580,"Lung
(n=485)",27
581,"Lung
(n=485)",23
582,"Lung
(n=485)",42
583,"Lung
(n=485)",25
584,"Lung
(n=485)",32
585,"Lung
(n=485)",36
586,"Lung
(n=485)",39
587,"Lung
(n=485)",28
588,"Lung
(n=485)",30
589,"Lung
(n=485)",32
590,"Lung
(n=485)",28
591,"Lung
(n=485)",33
592,"Lung
(n=485)",28
593,"Lung
(n=485)",33
594,"Lung
(n=485)",57
595,"Lung
(n=485)",31
596,"Lung
(n=485)",41
597,"Lung
(n=485)",26
598,"Lung
(n=485)",31
599,"Lung
(n=485)",32
600,"Lung
(n=485)",34
601,"Lung
(n=485)",39
602,"Lung
(n=485)",36
603,"Lung
(n=485)",32
604,"Lung
(n=485)",37
605,"Lung
(n=485)",40
606,"Lung
(n=485)",35
607,"Lung
(n=485)",37
608,"Lung
(n=485)",37
609,"Lung
(n=485)",36
610,"Lung
(n=485)",35
611,"Lung
(n=485)",34
612,"Lung
(n=485)",43
613,"Lung
(n=485)",33
614,"Lung
(n=485)",32
615,"Lung
(n=485)",32
616,"Lung
(n=485)",42
617,"Lung
(n=485)",41
618,"Lung
(n=485)",45
619,"Lung
(n=485)",32
620,"Lung
(n=485)",32
621,"Lung
(n=485)",28
622,"Lung
(n=485)",34
623,"Lung
(n=485)",35
624,"Lung
(n=485)",33
625,"Lung
(n=485)",22
626,"Lung
(n=485)",41
627,"Lung
(n=485)",38
628,"Lung
(n=485)",37
629,"Lung
(n=485)",38
630,"Lung
(n=485)",27
631,"Lung
(n=485)",29
632,"Lung
(n=485)",37
633,"Lung
(n=485)",38
634,"Lung
(n=485)",39
635,"Lung
(n=485)",38
636,"Lung
(n=485)",34
637,"Lung
(n=485)",29
638,"Lung
(n=485)",23
639,"Lung
(n=485)",30
640,"Lung
(n=485)",34
641,"Lung
(n=485)",35
642,"Lung
(n=485)",33
643,"Lung
(n=485)",32
644,"Lung
(n=485)",42
645,"Lung
(n=485)",31
646,"Lung
(n=485)",28
647,"Lung
(n=485)",37
648,"Lung
(n=485)",45
649,"Lung
(n=485)",42
650,"Lung
(n=485)",38
651,"Lung
(n=485)",37
652,"Lung
(n=485)",32
653,"Lung
(n=485)",30
654,"Lung
(n=485)",41
655,"Lung
(n=485)",50
656,"Lung
(n=485)",42
657,"Lung
(n=485)",29
658,"Lung
(n=485)",47
659,"Lung
(n=485)",36
660,"Lung
(n=485)",33
661,"Lung
(n=485)",41
662,"Lung
(n=485)",34
663,"Lung
(n=485)",37
664,"Lung
(n=485)",29
665,"Lung
(n=485)",29
666,"Lung
(n=485)",35
667,"Lung
(n=485)",25
668,"Lung
(n=485)",30
669,"Lung
(n=485)",39
670,"Lung
(n=485)",48
671,"Lung
(n=485)",40
672,"Lung
(n=485)",40
673,"Lung
(n=485)",34
674,"Lung
(n=485)",28
675,"Lung
(n=485)",29
676,"Lung
(n=485)",28
677,"Lung
(n=485)",29
678,"Lung
(n=485)",39
679,"Lung
(n=485)",37
680,"Lung
(n=485)",28
681,"Lung
(n=485)",35
682,"Lung
(n=485)",42
683,"Lung
(n=485)",34
684,"Lung
(n=485)",27
685,"Lung
(n=485)",29
686,"Lung
(n=485)",32
687,"Lung
(n=485)",31
688,"Lung
(n=485)",33
689,"Lung
(n=485)",32
690,"Lung
(n=485)",26
691,"Lung
(n=485)",34
692,"Lung
(n=485)",36
693,"Lung
(n=485)",39
694,"Lung
(n=485)",42
695,"Lung
(n=485)",36
696,"Lung
(n=485)",29
697,"Lung
(n=485)",34
698,"Lung
(n=485)",38
699,"Lung
(n=485)",35
700,"Lung
(n=485)",36
701,"Lung
(n=485)",37
702,"Lung
(n=485)",36
703,"Lung
(n=485)",36
704,"Lung
(n=485)",34
705,"Lung
(n=485)",30
706,"Lung
(n=485)",31
707,"Lung
(n=485)",36
708,"Lung
(n=485)",36
709,"Lung
(n=485)",33
710,"Lung
(n=485)",38
711,"Lung
(n=485)",42
712,"Lung
(n=485)",27
713,"Lung
(n=485)",26
714,"Lung
(n=485)",30
715,"Lung
(n=485)",29
716,"Lung
(n=485)",30
717,"Lung
(n=485)",30
718,"Lung
(n=485)",31
719,"Lung
(n=485)",45
720,"Lung
(n=485)",25
721,"Lung
(n=485)",31
722,"Lung
(n=485)",32
723,"Lung
(n=485)",40
724,"Lung
(n=485)",43
725,"Lung
(n=485)",31
726,"Lung
(n=485)",37
727,"Lung
(n=485)",37
728,"Lung
(n=485)",30
729,"Lung
(n=485)",28
730,"Lung
(n=485)",42
731,"Lung
(n=485)",27
732,"Lung
(n=485)",24
733,"Lung
(n=485)",38
734,"Lung
(n=485)",40
735,"Lung
(n=485)",40
736,"Lung
(n=485)",37
737,"Lung
(n=485)",29
738,"Lung
(n=485)",43
739,"Lung
(n=485)",29
740,"Lung
(n=485)",48
741,"Lung
(n=485)",28
742,"Lung
(n=485)",44
743,"Lung
(n=485)",32
744,"Lung
(n=485)",31
745,"Lung
(n=485)",35
746,"Lung
(n=485)",34
747,"Lung
(n=485)",36
748,"Lung
(n=485)",30
749,"Lung
(n=485)",32
750,"Lung
(n=485)",30
751,"Lung
(n=485)",41
752,"Lung
(n=485)",39
753,"Lung
(n=485)",35
754,"Lung
(n=485)",43
755,"Lung
(n=485)",39
756,"Lung
(n=485)",33
757,"Lung
(n=485)",49
758,"Lung
(n=485)",40
759,"Lung
(n=485)",33
760,"Lung
(n=485)",33
761,"Lung
(n=485)",34
762,"Lung
(n=485)",32
763,"Lung
(n=485)",35
764,"Lung
(n=485)",33
765,"Lung
(n=485)",43
766,"Lung
(n=485)",22
767,"Lung
(n=485)",36
768,"Lung
(n=485)",29
769,"Lung
(n=485)",38
770,"Lung
(n=485)",26
771,"Lung
(n=485)",31
772,"Lung
(n=485)",27
773,"Lung
(n=485)",32
774,"Lung
(n=485)",39
775,"Lung
(n=485)",37
776,"Lung
(n=485)",39
777,"Lung
(n=485)",31
778,"Lung
(n=485)",29
779,"Lung
(n=485)",36
780,"Lung
(n=485)",40
781,"Lung
(n=485)",39
782,"Lung
(n=485)",28
783,"Lung
(n=485)",35
784,"Lung
(n=485)",35
785,"Lung
(n=485)",33
786,"Lung
(n=485)",29
787,"Lung
(n=485)",23
788,"Lung
(n=485)",42
789,"Lung
(n=485)",35
790,"Lung
(n=485)",34
791,"Lung
(n=485)",36
792,"Lung
(n=485)",34
793,"Lung
(n=485)",41
794,"Lung
(n=485)",32
795,"Lung
(n=485)",33
796,"Lung
(n=485)",33
797,"Lung
(n=485)",33
798,"Lung
(n=485)",40
799,"Lung
(n=485)",47
800,"Lung
(n=485)",37
801,"Lung
(n=485)",38
802,"Lung
(n=485)",37
803,"Lung
(n=485)",38
804,"Lung
(n=485)",33
805,"Lung
(n=485)",39
806,"Lung
(n=485)",28
807,"Lung
(n=485)",35
808,"Lung
(n=485)",40
809,"Lung
(n=485)",36
810,"Lung
(n=485)",43
811,"Lung
(n=485)",33
812,"Lung
(n=485)",33
813,"Lung
(n=485)",38
814,"Lung
(n=485)",37
815,"Lung
(n=485)",39
816,"Lung
(n=485)",28
817,"Lung
(n=485)",35
818,"Lung
(n=485)",35
819,"Lung
(n=485)",29
820,"Lung
(n=485)",34
821,"Lung
(n=485)",38
822,"Lung
(n=485)",28
823,"Lung
(n=485)",31
824,"Lung
(n=485)",38
825,"Lung
(n=485)",32
826,"Lung
(n=485)",35
827,"Lung
(n=485)",30
828,"Lung
(n=485)",33
829,"Lung
(n=485)",34
830,"Lung
(n=485)",40
831,"Lung
(n=485)",33
832,"Lung
(n=485)",36
833,"Lung
(n=485)",30
834,"Lung
(n=485)",32
835,"Lung
(n=485)",39
836,"Lung
(n=485)",45
837,"Lung
(n=485)",28
838,"Lung
(n=485)",31
839,"Lung
(n=485)",39
840,"Lung
(n=485)",40
841,"Lung
(n=485)",38
842,"Lung
(n=485)",32
843,"Lung
(n=485)",46
844,"Lung
(n=485)",43
845,"Lung
(n=485)",33
846,"Lung
(n=485)",32
847,"Lung
(n=485)",33
848,"Lung
(n=485)",38
849,"Lung
(n=485)",31
850,"Lung
(n=485)",41
851,"Lung
(n=485)",29
852,"Lung
(n=485)",30
853,"Lung
(n=485)",39
854,"Lung
(n=485)",36
855,"Lung
(n=485)",34
856,"Lung
(n=485)",35
857,"Lung
(n=485)",33
858,"Lung
(n=485)",42
859,"Lung
(n=485)",27
860,"Lung
(n=485)",26
861,"Lung
(n=485)",32
862,"Lung
(n=485)",31
863,"Lung
(n=485)",42
864,"Lung
(n=485)",38
865,"Lung
(n=485)",44
866,"Lung
(n=485)",33
867,"Lung
(n=485)",26
868,"Lung
(n=485)",30
869,"Lung
(n=485)",36
870,"Lung
(n=485)",44
871,"Lung
(n=485)",35
872,"Lung
(n=485)",36
873,"Lung
(n=485)",37
874,"Lung
(n=485)",34
875,"Lung
(n=485)",37
876,"Lung
(n=485)",38
877,"Lung
(n=485)",39
878,"Lung
(n=485)",45
879,"Lung
(n=485)",32
880,"Lung
(n=485)",33
881,"Lung
(n=485)",33
882,"Lung
(n=485)",31
883,"Lung
(n=485)",37
884,"Lung
(n=485)",36
885,"Lung
(n=485)",39
886,"Lung
(n=485)",35
887,"Lung
(n=485)",36
888,"Lung
(n=485)",29
889,"Lung
(n=485)",26
890,"Lung
(n=485)",47
891,"Lung
(n=485)",29
892,"Lung
(n=485)",30
893,"Lung
(n=485)",34
894,"Lung
(n=485)",28
895,"Lung
(n=485)",35
896,"Lung
(n=485)",30
897,"Lung
(n=485)",38
898,"Lung
(n=485)",40
899,"Lung
(n=485)",34
900,"Lung
(n=485)",26
901,"Lung
(n=485)",38
902,"Lung
(n=485)",35
903,"Lung
(n=485)",26
904,"Lung
(n=485)",39
905,"Lung
(n=485)",39
906,"Lung
(n=485)",37
907,"Lung
(n=485)",47
908,"Lung
(n=485)",39
909,"Lung
(n=485)",26
910,"Lung
(n=485)",28
911,"Lung
(n=485)",28
912,"Lung
(n=485)",22
913,"Lung
(n=485)",45
914,"Lung
(n=485)",32
915,"Lung
(n=485)",35
916,"Lung
(n=485)",32
917,"Lung
(n=485)",36
918,"Lung
(n=485)",32
919,"Lung
(n=485)",34
920,"Lung
(n=485)",32
921,"Lung
(n=485)",40
922,"Lung
(n=485)",35
923,"Lung
(n=485)",38
924,"Lung
(n=485)",39
925,"Lung
(n=485)",20
926,"Lung
(n=485)",42
927,"Lung
(n=485)",38
928,"Lung
(n=485)",30
929,"Lung
(n=485)",33
930,"Lung
(n=485)",36
931,"Lung
(n=485)",32
932,"Lung
(n=485)",36
933,"Lung
(n=485)",35
934,"Lung
(n=485)",34
935,"Lung
(n=485)",29
936,"Lung
(n=485)",25
937,"Lung
(n=485)",36
938,"Lung
(n=485)",47
939,"Lung
(n=485)",33
940,"Lung
(n=485)",31
941,"Lung
(n=485)",42
942,"Lung
(n=485)",33
943,"Lung
(n=485)",33
944,"Lung
(n=485)",45
945,"Lung
(n=485)",36
946,"Lung
(n=485)",37
947,"Lung
(n=485)",32
948,"Lung
(n=485)",26
949,"Lung
(n=485)",42
950,"Lung
(n=485)",43
951,"Lung
(n=485)",42
952,"Lung
(n=485)",39
953,"Lung
(n=485)",40
954,"Lung
(n=485)",38
955,"Lung
(n=485)",36
956,"Lung
(n=485)",39
957,"Lung
(n=485)",21
958,"Lung
(n=485)",43
959,"Lung
(n=485)",35
960,"Lung
(n=485)",42
961,"Lung
(n=485)",41
962,"Lung
(n=485)",35
963,"Lung
(n=485)",40
964,"Lung
(n=485)",36
965,"Lung
(n=485)",36
966,"Lung
(n=485)",34
967,"Lung
(n=485)",35
968,"Lung
(n=485)",33
969,"Lung
(n=485)",34
970,"Lung
(n=485)",36
971,"Lung
(n=485)",43
972,"Lung
(n=485)",36
973,"Lung
(n=485)",32
974,"Lung
(n=485)",31
975,"Lung
(n=485)",41
976,"Lung
(n=485)",25
977,"Lung
(n=485)",20
978,"Lung
(n=485)",35
979,"Lung
(n=485)",45
980,"Lung
(n=485)",37
981,"Lung
(n=485)",34
982,"Lung
(n=485)",47
983,"Lung
(n=485)",34
984,"Lung
(n=485)",25
985,"Lung
(n=485)",36
986,"Lung
(n=485)",33
987,"Lung
(n=485)",27
988,"Lung
(n=485)",32
989,"Lung
(n=485)",32
990,"Lung
(n=485)",37
991,"Lung
(n=485)",23
992,"Lung
(n=485)",28
993,"Lung
(n=485)",25
994,"Lung
(n=485)",35
995,"Lung
(n=485)",25
996,"Lung
(n=485)",44
997,"Lung
(n=485)",38
998,"Lung
(n=485)",44
999,"Lung
(n=485)",45
1000,"Lung
(n=485)",37
1,"Renal
(n=133)",3
2,"Renal
(n=133)",4
3,"Renal
(n=133)",1
4,"Renal
(n=133)",1
5,"Renal
(n=133)",3
6,"Renal
(n=133)",0
7,"Renal
(n=133)",0
8,"Renal
(n=133)",1
9,"Renal
(n=133)",0
10,"Renal
(n=133)",0
11,"Renal
(n=133)",0
12,"Renal
(n=133)",1
13,"Renal
(n=133)",0
14,"Renal
(n=133)",2
15,"Renal
(n=133)",4
16,"Renal
(n=133)",0
17,"Renal
(n=133)",3
18,"Renal
(n=133)",0
19,"Renal
(n=133)",1
20,"Renal
(n=133)",0
21,"Renal
(n=133)",2
22,"Renal
(n=133)",0
23,"Renal
(n=133)",2
24,"Renal
(n=133)",2
25,"Renal
(n=133)",2
26,"Renal
(n=133)",2
27,"Renal
(n=133)",0
28,"Renal
(n=133)",1
29,"Renal
(n=133)",1
30,"Renal
(n=133)",0
31,"Renal
(n=133)",2
32,"Renal
(n=133)",1
33,"Renal
(n=133)",1
34,"Renal
(n=133)",2
35,"Renal
(n=133)",1
36,"Renal
(n=133)",1
37,"Renal
(n=133)",4
38,"Renal
(n=133)",0
39,"Renal
(n=133)",1
40,"Renal
(n=133)",1
41,"Renal
(n=133)",1
42,"Renal
(n=133)",1
43,"Renal
(n=133)",0
44,"Renal
(n=133)",2
45,"Renal
(n=133)",1
46,"Renal
(n=133)",0
47,"Renal
(n=133)",1
48,"Renal
(n=133)",1
49,"Renal
(n=133)",2
50,"Renal
(n=133)",2
51,"Renal
(n=133)",0
52,"Renal
(n=133)",1
53,"Renal
(n=133)",1
54,"Renal
(n=133)",0
55,"Renal
(n=133)",3
56,"Renal
(n=133)",0
57,"Renal
(n=133)",0
58,"Renal
(n=133)",0
59,"Renal
(n=133)",0
60,"Renal
(n=133)",1
61,"Renal
(n=133)",1
62,"Renal
(n=133)",0
63,"Renal
(n=133)",1
64,"Renal
(n=133)",3
65,"Renal
(n=133)",1
66,"Renal
(n=133)",4
67,"Renal
(n=133)",1
68,"Renal
(n=133)",1
69,"Renal
(n=133)",3
70,"Renal
(n=133)",1
71,"Renal
(n=133)",2
72,"Renal
(n=133)",2
73,"Renal
(n=133)",1
74,"Renal
(n=133)",0
75,"Renal
(n=133)",1
76,"Renal
(n=133)",1
77,"Renal
(n=133)",1
78,"Renal
(n=133)",0
79,"Renal
(n=133)",1
80,"Renal
(n=133)",3
81,"Renal
(n=133)",0
82,"Renal
(n=133)",0
83,"Renal
(n=133)",1
84,"Renal
(n=133)",0
85,"Renal
(n=133)",0
86,"Renal
(n=133)",0
87,"Renal
(n=133)",1
88,"Renal
(n=133)",2
89,"Renal
(n=133)",3
90,"Renal
(n=133)",0
91,"Renal
(n=133)",1
92,"Renal
(n=133)",1
93,"Renal
(n=133)",0
94,"Renal
(n=133)",0
95,"Renal
(n=133)",0
96,"Renal
(n=133)",0
97,"Renal
(n=133)",1
98,"Renal
(n=133)",1
99,"Renal
(n=133)",1
100,"Renal
(n=133)",0
101,"Renal
(n=133)",1
102,"Renal
(n=133)",1
103,"Renal
(n=133)",0
104,"Renal
(n=133)",0
105,"Renal
(n=133)",1
106,"Renal
(n=133)",1
107,"Renal
(n=133)",0
108,"Renal
(n=133)",0
109,"Renal
(n=133)",0
110,"Renal
(n=133)",0
111,"Renal
(n=133)",1
112,"Renal
(n=133)",0
113,"Renal
(n=133)",2
114,"Renal
(n=133)",1
115,"Renal
(n=133)",0
116,"Renal
(n=133)",0
117,"Renal
(n=133)",0
118,"Renal
(n=133)",0
119,"Renal
(n=133)",2
120,"Renal
(n=133)",1
121,"Renal
(n=133)",1
122,"Renal
(n=133)",0
123,"Renal
(n=133)",1
124,"Renal
(n=133)",1
125,"Renal
(n=133)",1
126,"Renal
(n=133)",2
127,"Renal
(n=133)",0
128,"Renal
(n=133)",1
129,"Renal
(n=133)",1
130,"Renal
(n=133)",2
131,"Renal
(n=133)",1
132,"Renal
(n=133)",1
133,"Renal
(n=133)",1
134,"Renal
(n=133)",1
135,"Renal
(n=133)",0
136,"Renal
(n=133)",0
137,"Renal
(n=133)",1
138,"Renal
(n=133)",0
139,"Renal
(n=133)",1
140,"Renal
(n=133)",0
141,"Renal
(n=133)",1
142,"Renal
(n=133)",2
143,"Renal
(n=133)",0
144,"Renal
(n=133)",1
145,"Renal
(n=133)",2
146,"Renal
(n=133)",2
147,"Renal
(n=133)",0
148,"Renal
(n=133)",0
149,"Renal
(n=133)",1
150,"Renal
(n=133)",1
151,"Renal
(n=133)",1
152,"Renal
(n=133)",1
153,"Renal
(n=133)",1
154,"Renal
(n=133)",2
155,"Renal
(n=133)",1
156,"Renal
(n=133)",0
157,"Renal
(n=133)",4
158,"Renal
(n=133)",2
159,"Renal
(n=133)",0
160,"Renal
(n=133)",1
161,"Renal
(n=133)",0
162,"Renal
(n=133)",1
163,"Renal
(n=133)",1
164,"Renal
(n=133)",0
165,"Renal
(n=133)",2
166,"Renal
(n=133)",1
167,"Renal
(n=133)",0
168,"Renal
(n=133)",4
169,"Renal
(n=133)",0
170,"Renal
(n=133)",0
171,"Renal
(n=133)",2
172,"Renal
(n=133)",1
173,"Renal
(n=133)",0
174,"Renal
(n=133)",1
175,"Renal
(n=133)",0
176,"Renal
(n=133)",0
177,"Renal
(n=133)",0
178,"Renal
(n=133)",1
179,"Renal
(n=133)",1
180,"Renal
(n=133)",0
181,"Renal
(n=133)",0
182,"Renal
(n=133)",2
183,"Renal
(n=133)",0
184,"Renal
(n=133)",1
185,"Renal
(n=133)",0
186,"Renal
(n=133)",3
187,"Renal
(n=133)",0
188,"Renal
(n=133)",1
189,"Renal
(n=133)",2
190,"Renal
(n=133)",0
191,"Renal
(n=133)",3
192,"Renal
(n=133)",0
193,"Renal
(n=133)",3
194,"Renal
(n=133)",3
195,"Renal
(n=133)",0
196,"Renal
(n=133)",2
197,"Renal
(n=133)",1
198,"Renal
(n=133)",1
199,"Renal
(n=133)",2
200,"Renal
(n=133)",1
201,"Renal
(n=133)",0
202,"Renal
(n=133)",0
203,"Renal
(n=133)",1
204,"Renal
(n=133)",1
205,"Renal
(n=133)",1
206,"Renal
(n=133)",2
207,"Renal
(n=133)",3
208,"Renal
(n=133)",0
209,"Renal
(n=133)",0
210,"Renal
(n=133)",0
211,"Renal
(n=133)",2
212,"Renal
(n=133)",0
213,"Renal
(n=133)",0
214,"Renal
(n=133)",0
215,"Renal
(n=133)",0
216,"Renal
(n=133)",2
217,"Renal
(n=133)",2
218,"Renal
(n=133)",1
219,"Renal
(n=133)",0
220,"Renal
(n=133)",1
221,"Renal
(n=133)",0
222,"Renal
(n=133)",0
223,"Renal
(n=133)",3
224,"Renal
(n=133)",2
225,"Renal
(n=133)",1
226,"Renal
(n=133)",1
227,"Renal
(n=133)",1
228,"Renal
(n=133)",0
229,"Renal
(n=133)",1
230,"Renal
(n=133)",1
231,"Renal
(n=133)",1
232,"Renal
(n=133)",1
233,"Renal
(n=133)",0
234,"Renal
(n=133)",3
235,"Renal
(n=133)",1
236,"Renal
(n=133)",2
237,"Renal
(n=133)",0
238,"Renal
(n=133)",1
239,"Renal
(n=133)",3
240,"Renal
(n=133)",1
241,"Renal
(n=133)",0
242,"Renal
(n=133)",1
243,"Renal
(n=133)",1
244,"Renal
(n=133)",1
245,"Renal
(n=133)",1
246,"Renal
(n=133)",1
247,"Renal
(n=133)",2
248,"Renal
(n=133)",1
249,"Renal
(n=133)",1
250,"Renal
(n=133)",1
251,"Renal
(n=133)",0
252,"Renal
(n=133)",2
253,"Renal
(n=133)",1
254,"Renal
(n=133)",2
255,"Renal
(n=133)",2
256,"Renal
(n=133)",0
257,"Renal
(n=133)",2
258,"Renal
(n=133)",1
259,"Renal
(n=133)",1
260,"Renal
(n=133)",0
261,"Renal
(n=133)",1
262,"Renal
(n=133)",0
263,"Renal
(n=133)",2
264,"Renal
(n=133)",1
265,"Renal
(n=133)",3
266,"Renal
(n=133)",2
267,"Renal
(n=133)",3
268,"Renal
(n=133)",1
269,"Renal
(n=133)",2
270,"Renal
(n=133)",0
271,"Renal
(n=133)",2
272,"Renal
(n=133)",1
273,"Renal
(n=133)",1
274,"Renal
(n=133)",0
275,"Renal
(n=133)",1
276,"Renal
(n=133)",1
277,"Renal
(n=133)",0
278,"Renal
(n=133)",2
279,"Renal
(n=133)",3
280,"Renal
(n=133)",1
281,"Renal
(n=133)",0
282,"Renal
(n=133)",1
283,"Renal
(n=133)",0
284,"Renal
(n=133)",0
285,"Renal
(n=133)",0
286,"Renal
(n=133)",0
287,"Renal
(n=133)",0
288,"Renal
(n=133)",2
289,"Renal
(n=133)",0
290,"Renal
(n=133)",2
291,"Renal
(n=133)",1
292,"Renal
(n=133)",1
293,"Renal
(n=133)",1
294,"Renal
(n=133)",1
295,"Renal
(n=133)",3
296,"Renal
(n=133)",2
297,"Renal
(n=133)",1
298,"Renal
(n=133)",1
299,"Renal
(n=133)",3
300,"Renal
(n=133)",4
301,"Renal
(n=133)",2
302,"Renal
(n=133)",1
303,"Renal
(n=133)",1
304,"Renal
(n=133)",1
305,"Renal
(n=133)",0
306,"Renal
(n=133)",1
307,"Renal
(n=133)",1
308,"Renal
(n=133)",1
309,"Renal
(n=133)",2
310,"Renal
(n=133)",2
311,"Renal
(n=133)",1
312,"Renal
(n=133)",1
313,"Renal
(n=133)",1
314,"Renal
(n=133)",2
315,"Renal
(n=133)",0
316,"Renal
(n=133)",1
317,"Renal
(n=133)",0
318,"Renal
(n=133)",2
319,"Renal
(n=133)",0
320,"Renal
(n=133)",1
321,"Renal
(n=133)",2
322,"Renal
(n=133)",0
323,"Renal
(n=133)",0
324,"Renal
(n=133)",4
325,"Renal
(n=133)",3
326,"Renal
(n=133)",2
327,"Renal
(n=133)",0
328,"Renal
(n=133)",2
329,"Renal
(n=133)",0
330,"Renal
(n=133)",0
331,"Renal
(n=133)",2
332,"Renal
(n=133)",1
333,"Renal
(n=133)",0
334,"Renal
(n=133)",4
335,"Renal
(n=133)",1
336,"Renal
(n=133)",2
337,"Renal
(n=133)",1
338,"Renal
(n=133)",1
339,"Renal
(n=133)",1
340,"Renal
(n=133)",1
341,"Renal
(n=133)",1
342,"Renal
(n=133)",1
343,"Renal
(n=133)",2
344,"Renal
(n=133)",1
345,"Renal
(n=133)",0
346,"Renal
(n=133)",0
347,"Renal
(n=133)",0
348,"Renal
(n=133)",1
349,"Renal
(n=133)",0
350,"Renal
(n=133)",1
351,"Renal
(n=133)",1
352,"Renal
(n=133)",1
353,"Renal
(n=133)",1
354,"Renal
(n=133)",1
355,"Renal
(n=133)",3
356,"Renal
(n=133)",1
357,"Renal
(n=133)",1
358,"Renal
(n=133)",4
359,"Renal
(n=133)",1
360,"Renal
(n=133)",2
361,"Renal
(n=133)",2
362,"Renal
(n=133)",1
363,"Renal
(n=133)",2
364,"Renal
(n=133)",2
365,"Renal
(n=133)",0
366,"Renal
(n=133)",0
367,"Renal
(n=133)",0
368,"Renal
(n=133)",0
369,"Renal
(n=133)",2
370,"Renal
(n=133)",4
371,"Renal
(n=133)",1
372,"Renal
(n=133)",1
373,"Renal
(n=133)",0
374,"Renal
(n=133)",0
375,"Renal
(n=133)",1
376,"Renal
(n=133)",1
377,"Renal
(n=133)",0
378,"Renal
(n=133)",1
379,"Renal
(n=133)",0
380,"Renal
(n=133)",1
381,"Renal
(n=133)",3
382,"Renal
(n=133)",0
383,"Renal
(n=133)",0
384,"Renal
(n=133)",0
385,"Renal
(n=133)",2
386,"Renal
(n=133)",1
387,"Renal
(n=133)",0
388,"Renal
(n=133)",1
389,"Renal
(n=133)",1
390,"Renal
(n=133)",1
391,"Renal
(n=133)",1
392,"Renal
(n=133)",0
393,"Renal
(n=133)",0
394,"Renal
(n=133)",1
395,"Renal
(n=133)",1
396,"Renal
(n=133)",2
397,"Renal
(n=133)",1
398,"Renal
(n=133)",1
399,"Renal
(n=133)",2
400,"Renal
(n=133)",0
401,"Renal
(n=133)",1
402,"Renal
(n=133)",2
403,"Renal
(n=133)",2
404,"Renal
(n=133)",1
405,"Renal
(n=133)",2
406,"Renal
(n=133)",0
407,"Renal
(n=133)",0
408,"Renal
(n=133)",0
409,"Renal
(n=133)",4
410,"Renal
(n=133)",0
411,"Renal
(n=133)",1
412,"Renal
(n=133)",1
413,"Renal
(n=133)",0
414,"Renal
(n=133)",2
415,"Renal
(n=133)",0
416,"Renal
(n=133)",1
417,"Renal
(n=133)",1
418,"Renal
(n=133)",1
419,"Renal
(n=133)",3
420,"Renal
(n=133)",0
421,"Renal
(n=133)",0
422,"Renal
(n=133)",0
423,"Renal
(n=133)",0
424,"Renal
(n=133)",1
425,"Renal
(n=133)",1
426,"Renal
(n=133)",0
427,"Renal
(n=133)",0
428,"Renal
(n=133)",3
429,"Renal
(n=133)",2
430,"Renal
(n=133)",2
431,"Renal
(n=133)",2
432,"Renal
(n=133)",1
433,"Renal
(n=133)",1
434,"Renal
(n=133)",0
435,"Renal
(n=133)",1
436,"Renal
(n=133)",0
437,"Renal
(n=133)",1
438,"Renal
(n=133)",2
439,"Renal
(n=133)",0
440,"Renal
(n=133)",3
441,"Renal
(n=133)",2
442,"Renal
(n=133)",0
443,"Renal
(n=133)",0
444,"Renal
(n=133)",0
445,"Renal
(n=133)",1
446,"Renal
(n=133)",0
447,"Renal
(n=133)",0
448,"Renal
(n=133)",1
449,"Renal
(n=133)",0
450,"Renal
(n=133)",2
451,"Renal
(n=133)",0
452,"Renal
(n=133)",0
453,"Renal
(n=133)",0
454,"Renal
(n=133)",0
455,"Renal
(n=133)",0
456,"Renal
(n=133)",1
457,"Renal
(n=133)",0
458,"Renal
(n=133)",1
459,"Renal
(n=133)",0
460,"Renal
(n=133)",0
461,"Renal
(n=133)",0
462,"Renal
(n=133)",0
463,"Renal
(n=133)",1
464,"Renal
(n=133)",1
465,"Renal
(n=133)",1
466,"Renal
(n=133)",0
467,"Renal
(n=133)",3
468,"Renal
(n=133)",4
469,"Renal
(n=133)",1
470,"Renal
(n=133)",2
471,"Renal
(n=133)",1
472,"Renal
(n=133)",0
473,"Renal
(n=133)",1
474,"Renal
(n=133)",0
475,"Renal
(n=133)",0
476,"Renal
(n=133)",1
477,"Renal
(n=133)",1
478,"Renal
(n=133)",0
479,"Renal
(n=133)",2
480,"Renal
(n=133)",1
481,"Renal
(n=133)",0
482,"Renal
(n=133)",0
483,"Renal
(n=133)",1
484,"Renal
(n=133)",0
485,"Renal
(n=133)",2
486,"Renal
(n=133)",0
487,"Renal
(n=133)",1
488,"Renal
(n=133)",3
489,"Renal
(n=133)",1
490,"Renal
(n=133)",0
491,"Renal
(n=133)",1
492,"Renal
(n=133)",3
493,"Renal
(n=133)",1
494,"Renal
(n=133)",1
495,"Renal
(n=133)",0
496,"Renal
(n=133)",1
497,"Renal
(n=133)",1
498,"Renal
(n=133)",1
499,"Renal
(n=133)",2
500,"Renal
(n=133)",1
501,"Renal
(n=133)",0
502,"Renal
(n=133)",2
503,"Renal
(n=133)",1
504,"Renal
(n=133)",1
505,"Renal
(n=133)",0
506,"Renal
(n=133)",0
507,"Renal
(n=133)",2
508,"Renal
(n=133)",0
509,"Renal
(n=133)",0
510,"Renal
(n=133)",3
511,"Renal
(n=133)",1
512,"Renal
(n=133)",1
513,"Renal
(n=133)",1
514,"Renal
(n=133)",0
515,"Renal
(n=133)",0
516,"Renal
(n=133)",0
517,"Renal
(n=133)",3
518,"Renal
(n=133)",3
519,"Renal
(n=133)",1
520,"Renal
(n=133)",2
521,"Renal
(n=133)",3
522,"Renal
(n=133)",0
523,"Renal
(n=133)",1
524,"Renal
(n=133)",1
525,"Renal
(n=133)",0
526,"Renal
(n=133)",1
527,"Renal
(n=133)",1
528,"Renal
(n=133)",0
529,"Renal
(n=133)",0
530,"Renal
(n=133)",0
531,"Renal
(n=133)",1
532,"Renal
(n=133)",3
533,"Renal
(n=133)",1
534,"Renal
(n=133)",3
535,"Renal
(n=133)",0
536,"Renal
(n=133)",0
537,"Renal
(n=133)",5
538,"Renal
(n=133)",1
539,"Renal
(n=133)",1
540,"Renal
(n=133)",1
541,"Renal
(n=133)",1
542,"Renal
(n=133)",0
543,"Renal
(n=133)",1
544,"Renal
(n=133)",2
545,"Renal
(n=133)",2
546,"Renal
(n=133)",0
547,"Renal
(n=133)",0
548,"Renal
(n=133)",0
549,"Renal
(n=133)",0
550,"Renal
(n=133)",0
551,"Renal
(n=133)",0
552,"Renal
(n=133)",0
553,"Renal
(n=133)",1
554,"Renal
(n=133)",1
555,"Renal
(n=133)",2
556,"Renal
(n=133)",2
557,"Renal
(n=133)",1
558,"Renal
(n=133)",3
559,"Renal
(n=133)",1
560,"Renal
(n=133)",1
561,"Renal
(n=133)",0
562,"Renal
(n=133)",0
563,"Renal
(n=133)",0
564,"Renal
(n=133)",1
565,"Renal
(n=133)",0
566,"Renal
(n=133)",1
567,"Renal
(n=133)",0
568,"Renal
(n=133)",1
569,"Renal
(n=133)",0
570,"Renal
(n=133)",0
571,"Renal
(n=133)",0
572,"Renal
(n=133)",2
573,"Renal
(n=133)",4
574,"Renal
(n=133)",2
575,"Renal
(n=133)",1
576,"Renal
(n=133)",0
577,"Renal
(n=133)",1
578,"Renal
(n=133)",1
579,"Renal
(n=133)",1
580,"Renal
(n=133)",0
581,"Renal
(n=133)",1
582,"Renal
(n=133)",1
583,"Renal
(n=133)",1
584,"Renal
(n=133)",1
585,"Renal
(n=133)",0
586,"Renal
(n=133)",2
587,"Renal
(n=133)",3
588,"Renal
(n=133)",1
589,"Renal
(n=133)",0
590,"Renal
(n=133)",0
591,"Renal
(n=133)",1
592,"Renal
(n=133)",0
593,"Renal
(n=133)",0
594,"Renal
(n=133)",1
595,"Renal
(n=133)",2
596,"Renal
(n=133)",0
597,"Renal
(n=133)",2
598,"Renal
(n=133)",1
599,"Renal
(n=133)",0
600,"Renal
(n=133)",0
601,"Renal
(n=133)",2
602,"Renal
(n=133)",0
603,"Renal
(n=133)",1
604,"Renal
(n=133)",1
605,"Renal
(n=133)",1
606,"Renal
(n=133)",0
607,"Renal
(n=133)",0
608,"Renal
(n=133)",1
609,"Renal
(n=133)",0
610,"Renal
(n=133)",0
611,"Renal
(n=133)",1
612,"Renal
(n=133)",0
613,"Renal
(n=133)",1
614,"Renal
(n=133)",1
615,"Renal
(n=133)",1
616,"Renal
(n=133)",2
617,"Renal
(n=133)",0
618,"Renal
(n=133)",0
619,"Renal
(n=133)",0
620,"Renal
(n=133)",1
621,"Renal
(n=133)",1
622,"Renal
(n=133)",1
623,"Renal
(n=133)",0
624,"Renal
(n=133)",2
625,"Renal
(n=133)",1
626,"Renal
(n=133)",2
627,"Renal
(n=133)",2
628,"Renal
(n=133)",1
629,"Renal
(n=133)",1
630,"Renal
(n=133)",1
631,"Renal
(n=133)",1
632,"Renal
(n=133)",0
633,"Renal
(n=133)",1
634,"Renal
(n=133)",0
635,"Renal
(n=133)",0
636,"Renal
(n=133)",1
637,"Renal
(n=133)",0
638,"Renal
(n=133)",0
639,"Renal
(n=133)",1
640,"Renal
(n=133)",0
641,"Renal
(n=133)",0
642,"Renal
(n=133)",3
643,"Renal
(n=133)",0
644,"Renal
(n=133)",0
645,"Renal
(n=133)",0
646,"Renal
(n=133)",1
647,"Renal
(n=133)",0
648,"Renal
(n=133)",1
649,"Renal
(n=133)",2
650,"Renal
(n=133)",0
651,"Renal
(n=133)",1
652,"Renal
(n=133)",1
653,"Renal
(n=133)",2
654,"Renal
(n=133)",0
655,"Renal
(n=133)",2
656,"Renal
(n=133)",1
657,"Renal
(n=133)",4
658,"Renal
(n=133)",1
659,"Renal
(n=133)",1
660,"Renal
(n=133)",0
661,"Renal
(n=133)",2
662,"Renal
(n=133)",0
663,"Renal
(n=133)",2
664,"Renal
(n=133)",2
665,"Renal
(n=133)",1
666,"Renal
(n=133)",1
667,"Renal
(n=133)",2
668,"Renal
(n=133)",1
669,"Renal
(n=133)",1
670,"Renal
(n=133)",2
671,"Renal
(n=133)",0
672,"Renal
(n=133)",1
673,"Renal
(n=133)",1
674,"Renal
(n=133)",1
675,"Renal
(n=133)",1
676,"Renal
(n=133)",0
677,"Renal
(n=133)",0
678,"Renal
(n=133)",2
679,"Renal
(n=133)",0
680,"Renal
(n=133)",2
681,"Renal
(n=133)",0
682,"Renal
(n=133)",1
683,"Renal
(n=133)",4
684,"Renal
(n=133)",2
685,"Renal
(n=133)",2
686,"Renal
(n=133)",2
687,"Renal
(n=133)",0
688,"Renal
(n=133)",0
689,"Renal
(n=133)",2
690,"Renal
(n=133)",2
691,"Renal
(n=133)",2
692,"Renal
(n=133)",3
693,"Renal
(n=133)",4
694,"Renal
(n=133)",0
695,"Renal
(n=133)",1
696,"Renal
(n=133)",1
697,"Renal
(n=133)",1
698,"Renal
(n=133)",0
699,"Renal
(n=133)",0
700,"Renal
(n=133)",1
701,"Renal
(n=133)",0
702,"Renal
(n=133)",1
703,"Renal
(n=133)",3
704,"Renal
(n=133)",0
705,"Renal
(n=133)",2
706,"Renal
(n=133)",1
707,"Renal
(n=133)",0
708,"Renal
(n=133)",1
709,"Renal
(n=133)",2
710,"Renal
(n=133)",0
711,"Renal
(n=133)",2
712,"Renal
(n=133)",2
713,"Renal
(n=133)",3
714,"Renal
(n=133)",3
715,"Renal
(n=133)",3
716,"Renal
(n=133)",3
717,"Renal
(n=133)",1
718,"Renal
(n=133)",2
719,"Renal
(n=133)",1
720,"Renal
(n=133)",0
721,"Renal
(n=133)",0
722,"Renal
(n=133)",0
723,"Renal
(n=133)",1
724,"Renal
(n=133)",1
725,"Renal
(n=133)",0
726,"Renal
(n=133)",1
727,"Renal
(n=133)",2
728,"Renal
(n=133)",0
729,"Renal
(n=133)",2
730,"Renal
(n=133)",1
731,"Renal
(n=133)",3
732,"Renal
(n=133)",0
733,"Renal
(n=133)",0
734,"Renal
(n=133)",3
735,"Renal
(n=133)",0
736,"Renal
(n=133)",2
737,"Renal
(n=133)",1
738,"Renal
(n=133)",0
739,"Renal
(n=133)",2
740,"Renal
(n=133)",1
741,"Renal
(n=133)",1
742,"Renal
(n=133)",1
743,"Renal
(n=133)",2
744,"Renal
(n=133)",2
745,"Renal
(n=133)",1
746,"Renal
(n=133)",1
747,"Renal
(n=133)",2
748,"Renal
(n=133)",3
749,"Renal
(n=133)",1
750,"Renal
(n=133)",0
751,"Renal
(n=133)",0
752,"Renal
(n=133)",1
753,"Renal
(n=133)",0
754,"Renal
(n=133)",1
755,"Renal
(n=133)",1
756,"Renal
(n=133)",2
757,"Renal
(n=133)",2
758,"Renal
(n=133)",4
759,"Renal
(n=133)",3
760,"Renal
(n=133)",0
761,"Renal
(n=133)",0
762,"Renal
(n=133)",2
763,"Renal
(n=133)",3
764,"Renal
(n=133)",2
765,"Renal
(n=133)",0
766,"Renal
(n=133)",2
767,"Renal
(n=133)",1
768,"Renal
(n=133)",0
769,"Renal
(n=133)",1
770,"Renal
(n=133)",0
771,"Renal
(n=133)",0
772,"Renal
(n=133)",1
773,"Renal
(n=133)",0
774,"Renal
(n=133)",1
775,"Renal
(n=133)",2
776,"Renal
(n=133)",3
777,"Renal
(n=133)",0
778,"Renal
(n=133)",0
779,"Renal
(n=133)",2
780,"Renal
(n=133)",3
781,"Renal
(n=133)",2
782,"Renal
(n=133)",0
783,"Renal
(n=133)",1
784,"Renal
(n=133)",2
785,"Renal
(n=133)",0
786,"Renal
(n=133)",1
787,"Renal
(n=133)",0
788,"Renal
(n=133)",0
789,"Renal
(n=133)",2
790,"Renal
(n=133)",1
791,"Renal
(n=133)",1
792,"Renal
(n=133)",1
793,"Renal
(n=133)",0
794,"Renal
(n=133)",1
795,"Renal
(n=133)",1
796,"Renal
(n=133)",0
797,"Renal
(n=133)",1
798,"Renal
(n=133)",0
799,"Renal
(n=133)",1
800,"Renal
(n=133)",0
801,"Renal
(n=133)",0
802,"Renal
(n=133)",0
803,"Renal
(n=133)",0
804,"Renal
(n=133)",1
805,"Renal
(n=133)",3
806,"Renal
(n=133)",2
807,"Renal
(n=133)",1
808,"Renal
(n=133)",2
809,"Renal
(n=133)",0
810,"Renal
(n=133)",1
811,"Renal
(n=133)",2
812,"Renal
(n=133)",1
813,"Renal
(n=133)",1
814,"Renal
(n=133)",1
815,"Renal
(n=133)",1
816,"Renal
(n=133)",0
817,"Renal
(n=133)",3
818,"Renal
(n=133)",2
819,"Renal
(n=133)",2
820,"Renal
(n=133)",0
821,"Renal
(n=133)",1
822,"Renal
(n=133)",2
823,"Renal
(n=133)",1
824,"Renal
(n=133)",1
825,"Renal
(n=133)",0
826,"Renal
(n=133)",0
827,"Renal
(n=133)",1
828,"Renal
(n=133)",0
829,"Renal
(n=133)",0
830,"Renal
(n=133)",3
831,"Renal
(n=133)",1
832,"Renal
(n=133)",3
833,"Renal
(n=133)",0
834,"Renal
(n=133)",1
835,"Renal
(n=133)",0
836,"Renal
(n=133)",2
837,"Renal
(n=133)",2
838,"Renal
(n=133)",2
839,"Renal
(n=133)",0
840,"Renal
(n=133)",0
841,"Renal
(n=133)",1
842,"Renal
(n=133)",0
843,"Renal
(n=133)",2
844,"Renal
(n=133)",2
845,"Renal
(n=133)",2
846,"Renal
(n=133)",0
847,"Renal
(n=133)",2
848,"Renal
(n=133)",0
849,"Renal
(n=133)",0
850,"Renal
(n=133)",0
851,"Renal
(n=133)",1
852,"Renal
(n=133)",0
853,"Renal
(n=133)",1
854,"Renal
(n=133)",0
855,"Renal
(n=133)",2
856,"Renal
(n=133)",0
857,"Renal
(n=133)",1
858,"Renal
(n=133)",4
859,"Renal
(n=133)",1
860,"Renal
(n=133)",1
861,"Renal
(n=133)",0
862,"Renal
(n=133)",1
863,"Renal
(n=133)",0
864,"Renal
(n=133)",2
865,"Renal
(n=133)",1
866,"Renal
(n=133)",0
867,"Renal
(n=133)",2
868,"Renal
(n=133)",1
869,"Renal
(n=133)",0
870,"Renal
(n=133)",0
871,"Renal
(n=133)",0
872,"Renal
(n=133)",2
873,"Renal
(n=133)",0
874,"Renal
(n=133)",0
875,"Renal
(n=133)",0
876,"Renal
(n=133)",1
877,"Renal
(n=133)",0
878,"Renal
(n=133)",3
879,"Renal
(n=133)",1
880,"Renal
(n=133)",3
881,"Renal
(n=133)",2
882,"Renal
(n=133)",2
883,"Renal
(n=133)",2
884,"Renal
(n=133)",1
885,"Renal
(n=133)",1
886,"Renal
(n=133)",3
887,"Renal
(n=133)",2
888,"Renal
(n=133)",2
889,"Renal
(n=133)",2
890,"Renal
(n=133)",1
891,"Renal
(n=133)",1
892,"Renal
(n=133)",1
893,"Renal
(n=133)",0
894,"Renal
(n=133)",3
895,"Renal
(n=133)",0
896,"Renal
(n=133)",0
897,"Renal
(n=133)",2
898,"Renal
(n=133)",1
899,"Renal
(n=133)",0
900,"Renal
(n=133)",1
901,"Renal
(n=133)",1
902,"Renal
(n=133)",1
903,"Renal
(n=133)",2
904,"Renal
(n=133)",2
905,"Renal
(n=133)",2
906,"Renal
(n=133)",0
907,"Renal
(n=133)",1
908,"Renal
(n=133)",1
909,"Renal
(n=133)",0
910,"Renal
(n=133)",1
911,"Renal
(n=133)",0
912,"Renal
(n=133)",3
913,"Renal
(n=133)",1
914,"Renal
(n=133)",1
915,"Renal
(n=133)",1
916,"Renal
(n=133)",2
917,"Renal
(n=133)",0
918,"Renal
(n=133)",1
919,"Renal
(n=133)",2
920,"Renal
(n=133)",2
921,"Renal
(n=133)",0
922,"Renal
(n=133)",1
923,"Renal
(n=133)",1
924,"Renal
(n=133)",0
925,"Renal
(n=133)",1
926,"Renal
(n=133)",0
927,"Renal
(n=133)",0
928,"Renal
(n=133)",2
929,"Renal
(n=133)",1
930,"Renal
(n=133)",1
931,"Renal
(n=133)",1
932,"Renal
(n=133)",2
933,"Renal
(n=133)",0
934,"Renal
(n=133)",2
935,"Renal
(n=133)",0
936,"Renal
(n=133)",1
937,"Renal
(n=133)",2
938,"Renal
(n=133)",1
939,"Renal
(n=133)",1
940,"Renal
(n=133)",0
941,"Renal
(n=133)",1
942,"Renal
(n=133)",1
943,"Renal
(n=133)",0
944,"Renal
(n=133)",2
945,"Renal
(n=133)",0
946,"Renal
(n=133)",1
947,"Renal
(n=133)",1
948,"Renal
(n=133)",1
949,"Renal
(n=133)",2
950,"Renal
(n=133)",2
951,"Renal
(n=133)",2
952,"Renal
(n=133)",2
953,"Renal
(n=133)",0
954,"Renal
(n=133)",1
955,"Renal
(n=133)",2
956,"Renal
(n=133)",1
957,"Renal
(n=133)",1
958,"Renal
(n=133)",1
959,"Renal
(n=133)",1
960,"Renal
(n=133)",0
961,"Renal
(n=133)",0
962,"Renal
(n=133)",0
963,"Renal
(n=133)",1
964,"Renal
(n=133)",1
965,"Renal
(n=133)",2
966,"Renal
(n=133)",2
967,"Renal
(n=133)",0
968,"Renal
(n=133)",2
969,"Renal
(n=133)",3
970,"Renal
(n=133)",0
971,"Renal
(n=133)",1
972,"Renal
(n=133)",1
973,"Renal
(n=133)",0
974,"Renal
(n=133)",1
975,"Renal
(n=133)",1
976,"Renal
(n=133)",1
977,"Renal
(n=133)",3
978,"Renal
(n=133)",1
979,"Renal
(n=133)",0
980,"Renal
(n=133)",0
981,"Renal
(n=133)",2
982,"Renal
(n=133)",0
983,"Renal
(n=133)",0
984,"Renal
(n=133)",0
985,"Renal
(n=133)",2
986,"Renal
(n=133)",0
987,"Renal
(n=133)",0
988,"Renal
(n=133)",0
989,"Renal
(n=133)",0
990,"Renal
(n=133)",0
991,"Renal
(n=133)",1
992,"Renal
(n=133)",1
993,"Renal
(n=133)",0
994,"Renal
(n=133)",1
995,"Renal
(n=133)",2
996,"Renal
(n=133)",1
997,"Renal
(n=133)",1
998,"Renal
(n=133)",3
999,"Renal
(n=133)",1
1000,"Renal
(n=133)",1
1,"Bladder
(n=187)",11
2,"Bladder
(n=187)",10
3,"Bladder
(n=187)",13
4,"Bladder
(n=187)",8
5,"Bladder
(n=187)",8
6,"Bladder
(n=187)",10
7,"Bladder
(n=187)",10
8,"Bladder
(n=187)",10
9,"Bladder
(n=187)",12
10,"Bladder
(n=187)",9
11,"Bladder
(n=187)",12
12,"Bladder
(n=187)",12
13,"Bladder
(n=187)",9
14,"Bladder
(n=187)",16
15,"Bladder
(n=187)",10
16,"Bladder
(n=187)",9
17,"Bladder
(n=187)",7
18,"Bladder
(n=187)",7
19,"Bladder
(n=187)",14
20,"Bladder
(n=187)",16
21,"Bladder
(n=187)",7
22,"Bladder
(n=187)",12
23,"Bladder
(n=187)",8
24,"Bladder
(n=187)",7
25,"Bladder
(n=187)",8
26,"Bladder
(n=187)",8
27,"Bladder
(n=187)",7
28,"Bladder
(n=187)",14
29,"Bladder
(n=187)",11
30,"Bladder
(n=187)",12
31,"Bladder
(n=187)",12
32,"Bladder
(n=187)",11
33,"Bladder
(n=187)",13
34,"Bladder
(n=187)",8
35,"Bladder
(n=187)",10
36,"Bladder
(n=187)",3
37,"Bladder
(n=187)",7
38,"Bladder
(n=187)",7
39,"Bladder
(n=187)",9
40,"Bladder
(n=187)",14
41,"Bladder
(n=187)",13
42,"Bladder
(n=187)",8
43,"Bladder
(n=187)",16
44,"Bladder
(n=187)",14
45,"Bladder
(n=187)",18
46,"Bladder
(n=187)",9
47,"Bladder
(n=187)",12
48,"Bladder
(n=187)",6
49,"Bladder
(n=187)",11
50,"Bladder
(n=187)",9
51,"Bladder
(n=187)",15
52,"Bladder
(n=187)",11
53,"Bladder
(n=187)",11
54,"Bladder
(n=187)",12
55,"Bladder
(n=187)",12
56,"Bladder
(n=187)",13
57,"Bladder
(n=187)",8
58,"Bladder
(n=187)",8
59,"Bladder
(n=187)",8
60,"Bladder
(n=187)",6
61,"Bladder
(n=187)",14
62,"Bladder
(n=187)",9
63,"Bladder
(n=187)",8
64,"Bladder
(n=187)",12
65,"Bladder
(n=187)",7
66,"Bladder
(n=187)",12
67,"Bladder
(n=187)",12
68,"Bladder
(n=187)",10
69,"Bladder
(n=187)",12
70,"Bladder
(n=187)",9
71,"Bladder
(n=187)",6
72,"Bladder
(n=187)",7
73,"Bladder
(n=187)",10
74,"Bladder
(n=187)",8
75,"Bladder
(n=187)",4
76,"Bladder
(n=187)",9
77,"Bladder
(n=187)",9
78,"Bladder
(n=187)",7
79,"Bladder
(n=187)",10
80,"Bladder
(n=187)",15
81,"Bladder
(n=187)",13
82,"Bladder
(n=187)",8
83,"Bladder
(n=187)",10
84,"Bladder
(n=187)",8
85,"Bladder
(n=187)",14
86,"Bladder
(n=187)",12
87,"Bladder
(n=187)",7
88,"Bladder
(n=187)",15
89,"Bladder
(n=187)",13
90,"Bladder
(n=187)",7
91,"Bladder
(n=187)",13
92,"Bladder
(n=187)",13
93,"Bladder
(n=187)",13
94,"Bladder
(n=187)",8
95,"Bladder
(n=187)",3
96,"Bladder
(n=187)",12
97,"Bladder
(n=187)",9
98,"Bladder
(n=187)",11
99,"Bladder
(n=187)",15
100,"Bladder
(n=187)",13
101,"Bladder
(n=187)",10
102,"Bladder
(n=187)",14
103,"Bladder
(n=187)",10
104,"Bladder
(n=187)",10
105,"Bladder
(n=187)",10
106,"Bladder
(n=187)",9
107,"Bladder
(n=187)",10
108,"Bladder
(n=187)",8
109,"Bladder
(n=187)",7
110,"Bladder
(n=187)",7
111,"Bladder
(n=187)",12
112,"Bladder
(n=187)",10
113,"Bladder
(n=187)",10
114,"Bladder
(n=187)",8
115,"Bladder
(n=187)",12
116,"Bladder
(n=187)",14
117,"Bladder
(n=187)",8
118,"Bladder
(n=187)",9
119,"Bladder
(n=187)",11
120,"Bladder
(n=187)",10
121,"Bladder
(n=187)",12
122,"Bladder
(n=187)",9
123,"Bladder
(n=187)",10
124,"Bladder
(n=187)",8
125,"Bladder
(n=187)",10
126,"Bladder
(n=187)",11
127,"Bladder
(n=187)",7
128,"Bladder
(n=187)",10
129,"Bladder
(n=187)",10
130,"Bladder
(n=187)",14
131,"Bladder
(n=187)",11
132,"Bladder
(n=187)",8
133,"Bladder
(n=187)",12
134,"Bladder
(n=187)",10
135,"Bladder
(n=187)",7
136,"Bladder
(n=187)",5
137,"Bladder
(n=187)",14
138,"Bladder
(n=187)",12
139,"Bladder
(n=187)",11
140,"Bladder
(n=187)",12
141,"Bladder
(n=187)",11
142,"Bladder
(n=187)",11
143,"Bladder
(n=187)",13
144,"Bladder
(n=187)",8
145,"Bladder
(n=187)",14
146,"Bladder
(n=187)",8
147,"Bladder
(n=187)",9
148,"Bladder
(n=187)",9
149,"Bladder
(n=187)",4
150,"Bladder
(n=187)",10
151,"Bladder
(n=187)",11
152,"Bladder
(n=187)",13
153,"Bladder
(n=187)",12
154,"Bladder
(n=187)",12
155,"Bladder
(n=187)",10
156,"Bladder
(n=187)",11
157,"Bladder
(n=187)",7
158,"Bladder
(n=187)",8
159,"Bladder
(n=187)",12
160,"Bladder
(n=187)",15
161,"Bladder
(n=187)",13
162,"Bladder
(n=187)",7
163,"Bladder
(n=187)",11
164,"Bladder
(n=187)",13
165,"Bladder
(n=187)",14
166,"Bladder
(n=187)",11
167,"Bladder
(n=187)",6
168,"Bladder
(n=187)",6
169,"Bladder
(n=187)",9
170,"Bladder
(n=187)",6
171,"Bladder
(n=187)",7
172,"Bladder
(n=187)",8
173,"Bladder
(n=187)",12
174,"Bladder
(n=187)",8
175,"Bladder
(n=187)",7
176,"Bladder
(n=187)",12
177,"Bladder
(n=187)",14
178,"Bladder
(n=187)",13
179,"Bladder
(n=187)",6
180,"Bladder
(n=187)",10
181,"Bladder
(n=187)",10
182,"Bladder
(n=187)",14
183,"Bladder
(n=187)",12
184,"Bladder
(n=187)",12
185,"Bladder
(n=187)",8
186,"Bladder
(n=187)",7
187,"Bladder
(n=187)",10
188,"Bladder
(n=187)",10
189,"Bladder
(n=187)",11
190,"Bladder
(n=187)",6
191,"Bladder
(n=187)",13
192,"Bladder
(n=187)",9
193,"Bladder
(n=187)",10
194,"Bladder
(n=187)",18
195,"Bladder
(n=187)",12
196,"Bladder
(n=187)",9
197,"Bladder
(n=187)",6
198,"Bladder
(n=187)",11
199,"Bladder
(n=187)",10
200,"Bladder
(n=187)",11
201,"Bladder
(n=187)",8
202,"Bladder
(n=187)",12
203,"Bladder
(n=187)",13
204,"Bladder
(n=187)",9
205,"Bladder
(n=187)",16
206,"Bladder
(n=187)",4
207,"Bladder
(n=187)",11
208,"Bladder
(n=187)",13
209,"Bladder
(n=187)",13
210,"Bladder
(n=187)",9
211,"Bladder
(n=187)",6
212,"Bladder
(n=187)",11
213,"Bladder
(n=187)",16
214,"Bladder
(n=187)",8
215,"Bladder
(n=187)",8
216,"Bladder
(n=187)",10
217,"Bladder
(n=187)",11
218,"Bladder
(n=187)",9
219,"Bladder
(n=187)",9
220,"Bladder
(n=187)",8
221,"Bladder
(n=187)",12
222,"Bladder
(n=187)",4
223,"Bladder
(n=187)",12
224,"Bladder
(n=187)",8
225,"Bladder
(n=187)",10
226,"Bladder
(n=187)",9
227,"Bladder
(n=187)",9
228,"Bladder
(n=187)",9
229,"Bladder
(n=187)",9
230,"Bladder
(n=187)",20
231,"Bladder
(n=187)",10
232,"Bladder
(n=187)",15
233,"Bladder
(n=187)",10
234,"Bladder
(n=187)",8
235,"Bladder
(n=187)",7
236,"Bladder
(n=187)",12
237,"Bladder
(n=187)",11
238,"Bladder
(n=187)",16
239,"Bladder
(n=187)",18
240,"Bladder
(n=187)",9
241,"Bladder
(n=187)",9
242,"Bladder
(n=187)",12
243,"Bladder
(n=187)",9
244,"Bladder
(n=187)",14
245,"Bladder
(n=187)",10
246,"Bladder
(n=187)",11
247,"Bladder
(n=187)",10
248,"Bladder
(n=187)",6
249,"Bladder
(n=187)",9
250,"Bladder
(n=187)",13
251,"Bladder
(n=187)",8
252,"Bladder
(n=187)",10
253,"Bladder
(n=187)",9
254,"Bladder
(n=187)",8
255,"Bladder
(n=187)",12
256,"Bladder
(n=187)",12
257,"Bladder
(n=187)",10
258,"Bladder
(n=187)",9
259,"Bladder
(n=187)",9
260,"Bladder
(n=187)",12
261,"Bladder
(n=187)",10
262,"Bladder
(n=187)",11
263,"Bladder
(n=187)",15
264,"Bladder
(n=187)",11
265,"Bladder
(n=187)",13
266,"Bladder
(n=187)",13
267,"Bladder
(n=187)",8
268,"Bladder
(n=187)",12
269,"Bladder
(n=187)",15
270,"Bladder
(n=187)",8
271,"Bladder
(n=187)",11
272,"Bladder
(n=187)",6
273,"Bladder
(n=187)",18
274,"Bladder
(n=187)",10
275,"Bladder
(n=187)",9
276,"Bladder
(n=187)",13
277,"Bladder
(n=187)",11
278,"Bladder
(n=187)",12
279,"Bladder
(n=187)",8
280,"Bladder
(n=187)",9
281,"Bladder
(n=187)",10
282,"Bladder
(n=187)",9
283,"Bladder
(n=187)",15
284,"Bladder
(n=187)",14
285,"Bladder
(n=187)",8
286,"Bladder
(n=187)",14
287,"Bladder
(n=187)",9
288,"Bladder
(n=187)",4
289,"Bladder
(n=187)",10
290,"Bladder
(n=187)",13
291,"Bladder
(n=187)",14
292,"Bladder
(n=187)",15
293,"Bladder
(n=187)",13
294,"Bladder
(n=187)",7
295,"Bladder
(n=187)",11
296,"Bladder
(n=187)",12
297,"Bladder
(n=187)",18
298,"Bladder
(n=187)",10
299,"Bladder
(n=187)",12
300,"Bladder
(n=187)",16
301,"Bladder
(n=187)",10
302,"Bladder
(n=187)",5
303,"Bladder
(n=187)",9
304,"Bladder
(n=187)",9
305,"Bladder
(n=187)",11
306,"Bladder
(n=187)",10
307,"Bladder
(n=187)",8
308,"Bladder
(n=187)",10
309,"Bladder
(n=187)",10
310,"Bladder
(n=187)",13
311,"Bladder
(n=187)",10
312,"Bladder
(n=187)",4
313,"Bladder
(n=187)",12
314,"Bladder
(n=187)",8
315,"Bladder
(n=187)",9
316,"Bladder
(n=187)",8
317,"Bladder
(n=187)",13
318,"Bladder
(n=187)",9
319,"Bladder
(n=187)",7
320,"Bladder
(n=187)",15
321,"Bladder
(n=187)",14
322,"Bladder
(n=187)",9
323,"Bladder
(n=187)",9
324,"Bladder
(n=187)",5
325,"Bladder
(n=187)",14
326,"Bladder
(n=187)",10
327,"Bladder
(n=187)",5
328,"Bladder
(n=187)",11
329,"Bladder
(n=187)",7
330,"Bladder
(n=187)",7
331,"Bladder
(n=187)",15
332,"Bladder
(n=187)",8
333,"Bladder
(n=187)",10
334,"Bladder
(n=187)",5
335,"Bladder
(n=187)",8
336,"Bladder
(n=187)",9
337,"Bladder
(n=187)",8
338,"Bladder
(n=187)",14
339,"Bladder
(n=187)",14
340,"Bladder
(n=187)",11
341,"Bladder
(n=187)",14
342,"Bladder
(n=187)",3
343,"Bladder
(n=187)",9
344,"Bladder
(n=187)",13
345,"Bladder
(n=187)",9
346,"Bladder
(n=187)",13
347,"Bladder
(n=187)",11
348,"Bladder
(n=187)",12
349,"Bladder
(n=187)",8
350,"Bladder
(n=187)",9
351,"Bladder
(n=187)",9
352,"Bladder
(n=187)",10
353,"Bladder
(n=187)",10
354,"Bladder
(n=187)",10
355,"Bladder
(n=187)",8
356,"Bladder
(n=187)",11
357,"Bladder
(n=187)",8
358,"Bladder
(n=187)",16
359,"Bladder
(n=187)",17
360,"Bladder
(n=187)",11
361,"Bladder
(n=187)",9
362,"Bladder
(n=187)",14
363,"Bladder
(n=187)",9
364,"Bladder
(n=187)",12
365,"Bladder
(n=187)",8
366,"Bladder
(n=187)",6
367,"Bladder
(n=187)",12
368,"Bladder
(n=187)",7
369,"Bladder
(n=187)",11
370,"Bladder
(n=187)",5
371,"Bladder
(n=187)",8
372,"Bladder
(n=187)",13
373,"Bladder
(n=187)",5
374,"Bladder
(n=187)",10
375,"Bladder
(n=187)",6
376,"Bladder
(n=187)",9
377,"Bladder
(n=187)",7
378,"Bladder
(n=187)",7
379,"Bladder
(n=187)",9
380,"Bladder
(n=187)",9
381,"Bladder
(n=187)",10
382,"Bladder
(n=187)",5
383,"Bladder
(n=187)",6
384,"Bladder
(n=187)",16
385,"Bladder
(n=187)",9
386,"Bladder
(n=187)",10
387,"Bladder
(n=187)",11
388,"Bladder
(n=187)",12
389,"Bladder
(n=187)",13
390,"Bladder
(n=187)",13
391,"Bladder
(n=187)",12
392,"Bladder
(n=187)",10
393,"Bladder
(n=187)",13
394,"Bladder
(n=187)",14
395,"Bladder
(n=187)",7
396,"Bladder
(n=187)",14
397,"Bladder
(n=187)",18
398,"Bladder
(n=187)",9
399,"Bladder
(n=187)",10
400,"Bladder
(n=187)",11
401,"Bladder
(n=187)",8
402,"Bladder
(n=187)",8
403,"Bladder
(n=187)",13
404,"Bladder
(n=187)",12
405,"Bladder
(n=187)",9
406,"Bladder
(n=187)",11
407,"Bladder
(n=187)",10
408,"Bladder
(n=187)",5
409,"Bladder
(n=187)",13
410,"Bladder
(n=187)",14
411,"Bladder
(n=187)",14
412,"Bladder
(n=187)",6
413,"Bladder
(n=187)",15
414,"Bladder
(n=187)",14
415,"Bladder
(n=187)",13
416,"Bladder
(n=187)",12
417,"Bladder
(n=187)",11
418,"Bladder
(n=187)",10
419,"Bladder
(n=187)",13
420,"Bladder
(n=187)",13
421,"Bladder
(n=187)",13
422,"Bladder
(n=187)",12
423,"Bladder
(n=187)",4
424,"Bladder
(n=187)",8
425,"Bladder
(n=187)",12
426,"Bladder
(n=187)",10
427,"Bladder
(n=187)",13
428,"Bladder
(n=187)",12
429,"Bladder
(n=187)",9
430,"Bladder
(n=187)",13
431,"Bladder
(n=187)",8
432,"Bladder
(n=187)",11
433,"Bladder
(n=187)",10
434,"Bladder
(n=187)",4
435,"Bladder
(n=187)",10
436,"Bladder
(n=187)",11
437,"Bladder
(n=187)",9
438,"Bladder
(n=187)",11
439,"Bladder
(n=187)",15
440,"Bladder
(n=187)",9
441,"Bladder
(n=187)",16
442,"Bladder
(n=187)",13
443,"Bladder
(n=187)",12
444,"Bladder
(n=187)",13
445,"Bladder
(n=187)",15
446,"Bladder
(n=187)",8
447,"Bladder
(n=187)",14
448,"Bladder
(n=187)",11
449,"Bladder
(n=187)",11
450,"Bladder
(n=187)",10
451,"Bladder
(n=187)",5
452,"Bladder
(n=187)",10
453,"Bladder
(n=187)",12
454,"Bladder
(n=187)",9
455,"Bladder
(n=187)",21
456,"Bladder
(n=187)",8
457,"Bladder
(n=187)",15
458,"Bladder
(n=187)",11
459,"Bladder
(n=187)",16
460,"Bladder
(n=187)",11
461,"Bladder
(n=187)",8
462,"Bladder
(n=187)",10
463,"Bladder
(n=187)",14
464,"Bladder
(n=187)",16
465,"Bladder
(n=187)",10
466,"Bladder
(n=187)",5
467,"Bladder
(n=187)",12
468,"Bladder
(n=187)",12
469,"Bladder
(n=187)",6
470,"Bladder
(n=187)",15
471,"Bladder
(n=187)",15
472,"Bladder
(n=187)",12
473,"Bladder
(n=187)",10
474,"Bladder
(n=187)",10
475,"Bladder
(n=187)",10
476,"Bladder
(n=187)",9
477,"Bladder
(n=187)",10
478,"Bladder
(n=187)",13
479,"Bladder
(n=187)",8
480,"Bladder
(n=187)",7
481,"Bladder
(n=187)",11
482,"Bladder
(n=187)",12
483,"Bladder
(n=187)",9
484,"Bladder
(n=187)",16
485,"Bladder
(n=187)",17
486,"Bladder
(n=187)",10
487,"Bladder
(n=187)",12
488,"Bladder
(n=187)",11
489,"Bladder
(n=187)",14
490,"Bladder
(n=187)",9
491,"Bladder
(n=187)",19
492,"Bladder
(n=187)",10
493,"Bladder
(n=187)",10
494,"Bladder
(n=187)",13
495,"Bladder
(n=187)",3
496,"Bladder
(n=187)",11
497,"Bladder
(n=187)",7
498,"Bladder
(n=187)",11
499,"Bladder
(n=187)",8
500,"Bladder
(n=187)",13
501,"Bladder
(n=187)",13
502,"Bladder
(n=187)",15
503,"Bladder
(n=187)",11
504,"Bladder
(n=187)",9
505,"Bladder
(n=187)",15
506,"Bladder
(n=187)",8
507,"Bladder
(n=187)",11
508,"Bladder
(n=187)",10
509,"Bladder
(n=187)",14
510,"Bladder
(n=187)",5
511,"Bladder
(n=187)",7
512,"Bladder
(n=187)",12
513,"Bladder
(n=187)",20
514,"Bladder
(n=187)",8
515,"Bladder
(n=187)",9
516,"Bladder
(n=187)",7
517,"Bladder
(n=187)",14
518,"Bladder
(n=187)",3
519,"Bladder
(n=187)",9
520,"Bladder
(n=187)",11
521,"Bladder
(n=187)",12
522,"Bladder
(n=187)",7
523,"Bladder
(n=187)",9
524,"Bladder
(n=187)",10
525,"Bladder
(n=187)",9
526,"Bladder
(n=187)",12
527,"Bladder
(n=187)",9
528,"Bladder
(n=187)",7
529,"Bladder
(n=187)",9
530,"Bladder
(n=187)",8
531,"Bladder
(n=187)",12
532,"Bladder
(n=187)",10
533,"Bladder
(n=187)",12
534,"Bladder
(n=187)",7
535,"Bladder
(n=187)",16
536,"Bladder
(n=187)",3
537,"Bladder
(n=187)",7
538,"Bladder
(n=187)",11
539,"Bladder
(n=187)",8
540,"Bladder
(n=187)",12
541,"Bladder
(n=187)",15
542,"Bladder
(n=187)",11
543,"Bladder
(n=187)",7
544,"Bladder
(n=187)",5
545,"Bladder
(n=187)",6
546,"Bladder
(n=187)",13
547,"Bladder
(n=187)",14
548,"Bladder
(n=187)",12
549,"Bladder
(n=187)",11
550,"Bladder
(n=187)",13
551,"Bladder
(n=187)",12
552,"Bladder
(n=187)",10
553,"Bladder
(n=187)",14
554,"Bladder
(n=187)",16
555,"Bladder
(n=187)",11
556,"Bladder
(n=187)",12
557,"Bladder
(n=187)",8
558,"Bladder
(n=187)",12
559,"Bladder
(n=187)",14
560,"Bladder
(n=187)",10
561,"Bladder
(n=187)",5
562,"Bladder
(n=187)",9
563,"Bladder
(n=187)",12
564,"Bladder
(n=187)",13
565,"Bladder
(n=187)",10
566,"Bladder
(n=187)",13
567,"Bladder
(n=187)",9
568,"Bladder
(n=187)",8
569,"Bladder
(n=187)",11
570,"Bladder
(n=187)",12
571,"Bladder
(n=187)",8
572,"Bladder
(n=187)",5
573,"Bladder
(n=187)",7
574,"Bladder
(n=187)",10
575,"Bladder
(n=187)",9
576,"Bladder
(n=187)",12
577,"Bladder
(n=187)",11
578,"Bladder
(n=187)",12
579,"Bladder
(n=187)",11
580,"Bladder
(n=187)",14
581,"Bladder
(n=187)",11
582,"Bladder
(n=187)",11
583,"Bladder
(n=187)",9
584,"Bladder
(n=187)",9
585,"Bladder
(n=187)",12
586,"Bladder
(n=187)",9
587,"Bladder
(n=187)",9
588,"Bladder
(n=187)",8
589,"Bladder
(n=187)",17
590,"Bladder
(n=187)",13
591,"Bladder
(n=187)",8
592,"Bladder
(n=187)",9
593,"Bladder
(n=187)",13
594,"Bladder
(n=187)",9
595,"Bladder
(n=187)",12
596,"Bladder
(n=187)",8
597,"Bladder
(n=187)",10
598,"Bladder
(n=187)",8
599,"Bladder
(n=187)",9
600,"Bladder
(n=187)",13
601,"Bladder
(n=187)",14
602,"Bladder
(n=187)",5
603,"Bladder
(n=187)",6
604,"Bladder
(n=187)",11
605,"Bladder
(n=187)",13
606,"Bladder
(n=187)",13
607,"Bladder
(n=187)",8
608,"Bladder
(n=187)",7
609,"Bladder
(n=187)",9
610,"Bladder
(n=187)",7
611,"Bladder
(n=187)",8
612,"Bladder
(n=187)",11
613,"Bladder
(n=187)",7
614,"Bladder
(n=187)",9
615,"Bladder
(n=187)",11
616,"Bladder
(n=187)",14
617,"Bladder
(n=187)",8
618,"Bladder
(n=187)",10
619,"Bladder
(n=187)",3
620,"Bladder
(n=187)",11
621,"Bladder
(n=187)",7
622,"Bladder
(n=187)",8
623,"Bladder
(n=187)",12
624,"Bladder
(n=187)",5
625,"Bladder
(n=187)",8
626,"Bladder
(n=187)",8
627,"Bladder
(n=187)",9
628,"Bladder
(n=187)",14
629,"Bladder
(n=187)",9
630,"Bladder
(n=187)",11
631,"Bladder
(n=187)",7
632,"Bladder
(n=187)",11
633,"Bladder
(n=187)",4
634,"Bladder
(n=187)",5
635,"Bladder
(n=187)",9
636,"Bladder
(n=187)",12
637,"Bladder
(n=187)",10
638,"Bladder
(n=187)",13
639,"Bladder
(n=187)",9
640,"Bladder
(n=187)",10
641,"Bladder
(n=187)",15
642,"Bladder
(n=187)",15
643,"Bladder
(n=187)",6
644,"Bladder
(n=187)",11
645,"Bladder
(n=187)",12
646,"Bladder
(n=187)",8
647,"Bladder
(n=187)",11
648,"Bladder
(n=187)",7
649,"Bladder
(n=187)",4
650,"Bladder
(n=187)",11
651,"Bladder
(n=187)",12
652,"Bladder
(n=187)",10
653,"Bladder
(n=187)",18
654,"Bladder
(n=187)",9
655,"Bladder
(n=187)",10
656,"Bladder
(n=187)",10
657,"Bladder
(n=187)",8
658,"Bladder
(n=187)",10
659,"Bladder
(n=187)",11
660,"Bladder
(n=187)",17
661,"Bladder
(n=187)",10
662,"Bladder
(n=187)",12
663,"Bladder
(n=187)",14
664,"Bladder
(n=187)",10
665,"Bladder
(n=187)",7
666,"Bladder
(n=187)",9
667,"Bladder
(n=187)",9
668,"Bladder
(n=187)",15
669,"Bladder
(n=187)",13
670,"Bladder
(n=187)",15
671,"Bladder
(n=187)",15
672,"Bladder
(n=187)",11
673,"Bladder
(n=187)",13
674,"Bladder
(n=187)",8
675,"Bladder
(n=187)",12
676,"Bladder
(n=187)",10
677,"Bladder
(n=187)",10
678,"Bladder
(n=187)",14
679,"Bladder
(n=187)",12
680,"Bladder
(n=187)",13
681,"Bladder
(n=187)",13
682,"Bladder
(n=187)",6
683,"Bladder
(n=187)",18
684,"Bladder
(n=187)",6
685,"Bladder
(n=187)",6
686,"Bladder
(n=187)",7
687,"Bladder
(n=187)",12
688,"Bladder
(n=187)",14
689,"Bladder
(n=187)",12
690,"Bladder
(n=187)",10
691,"Bladder
(n=187)",10
692,"Bladder
(n=187)",6
693,"Bladder
(n=187)",10
694,"Bladder
(n=187)",11
695,"Bladder
(n=187)",5
696,"Bladder
(n=187)",16
697,"Bladder
(n=187)",12
698,"Bladder
(n=187)",9
699,"Bladder
(n=187)",14
700,"Bladder
(n=187)",13
701,"Bladder
(n=187)",6
702,"Bladder
(n=187)",10
703,"Bladder
(n=187)",14
704,"Bladder
(n=187)",10
705,"Bladder
(n=187)",13
706,"Bladder
(n=187)",6
707,"Bladder
(n=187)",8
708,"Bladder
(n=187)",13
709,"Bladder
(n=187)",15
710,"Bladder
(n=187)",7
711,"Bladder
(n=187)",10
712,"Bladder
(n=187)",11
713,"Bladder
(n=187)",11
714,"Bladder
(n=187)",11
715,"Bladder
(n=187)",7
716,"Bladder
(n=187)",14
717,"Bladder
(n=187)",9
718,"Bladder
(n=187)",14
719,"Bladder
(n=187)",9
720,"Bladder
(n=187)",9
721,"Bladder
(n=187)",11
722,"Bladder
(n=187)",20
723,"Bladder
(n=187)",9
724,"Bladder
(n=187)",10
725,"Bladder
(n=187)",13
726,"Bladder
(n=187)",5
727,"Bladder
(n=187)",12
728,"Bladder
(n=187)",11
729,"Bladder
(n=187)",11
730,"Bladder
(n=187)",9
731,"Bladder
(n=187)",10
732,"Bladder
(n=187)",8
733,"Bladder
(n=187)",12
734,"Bladder
(n=187)",11
735,"Bladder
(n=187)",11
736,"Bladder
(n=187)",8
737,"Bladder
(n=187)",11
738,"Bladder
(n=187)",9
739,"Bladder
(n=187)",7
740,"Bladder
(n=187)",14
741,"Bladder
(n=187)",12
742,"Bladder
(n=187)",11
743,"Bladder
(n=187)",12
744,"Bladder
(n=187)",5
745,"Bladder
(n=187)",9
746,"Bladder
(n=187)",12
747,"Bladder
(n=187)",17
748,"Bladder
(n=187)",8
749,"Bladder
(n=187)",10
750,"Bladder
(n=187)",8
751,"Bladder
(n=187)",13
752,"Bladder
(n=187)",7
753,"Bladder
(n=187)",8
754,"Bladder
(n=187)",14
755,"Bladder
(n=187)",20
756,"Bladder
(n=187)",14
757,"Bladder
(n=187)",7
758,"Bladder
(n=187)",13
759,"Bladder
(n=187)",9
760,"Bladder
(n=187)",9
761,"Bladder
(n=187)",19
762,"Bladder
(n=187)",4
763,"Bladder
(n=187)",5
764,"Bladder
(n=187)",12
765,"Bladder
(n=187)",11
766,"Bladder
(n=187)",12
767,"Bladder
(n=187)",6
768,"Bladder
(n=187)",13
769,"Bladder
(n=187)",14
770,"Bladder
(n=187)",13
771,"Bladder
(n=187)",10
772,"Bladder
(n=187)",15
773,"Bladder
(n=187)",6
774,"Bladder
(n=187)",10
775,"Bladder
(n=187)",9
776,"Bladder
(n=187)",5
777,"Bladder
(n=187)",8
778,"Bladder
(n=187)",9
779,"Bladder
(n=187)",10
780,"Bladder
(n=187)",14
781,"Bladder
(n=187)",12
782,"Bladder
(n=187)",15
783,"Bladder
(n=187)",8
784,"Bladder
(n=187)",13
785,"Bladder
(n=187)",7
786,"Bladder
(n=187)",8
787,"Bladder
(n=187)",18
788,"Bladder
(n=187)",12
789,"Bladder
(n=187)",9
790,"Bladder
(n=187)",9
791,"Bladder
(n=187)",9
792,"Bladder
(n=187)",7
793,"Bladder
(n=187)",12
794,"Bladder
(n=187)",6
795,"Bladder
(n=187)",11
796,"Bladder
(n=187)",8
797,"Bladder
(n=187)",7
798,"Bladder
(n=187)",12
799,"Bladder
(n=187)",11
800,"Bladder
(n=187)",13
801,"Bladder
(n=187)",14
802,"Bladder
(n=187)",10
803,"Bladder
(n=187)",8
804,"Bladder
(n=187)",12
805,"Bladder
(n=187)",10
806,"Bladder
(n=187)",6
807,"Bladder
(n=187)",13
808,"Bladder
(n=187)",11
809,"Bladder
(n=187)",10
810,"Bladder
(n=187)",15
811,"Bladder
(n=187)",9
812,"Bladder
(n=187)",6
813,"Bladder
(n=187)",11
814,"Bladder
(n=187)",8
815,"Bladder
(n=187)",9
816,"Bladder
(n=187)",13
817,"Bladder
(n=187)",9
818,"Bladder
(n=187)",7
819,"Bladder
(n=187)",13
820,"Bladder
(n=187)",6
821,"Bladder
(n=187)",11
822,"Bladder
(n=187)",8
823,"Bladder
(n=187)",14
824,"Bladder
(n=187)",10
825,"Bladder
(n=187)",12
826,"Bladder
(n=187)",11
827,"Bladder
(n=187)",12
828,"Bladder
(n=187)",9
829,"Bladder
(n=187)",10
830,"Bladder
(n=187)",17
831,"Bladder
(n=187)",11
832,"Bladder
(n=187)",13
833,"Bladder
(n=187)",12
834,"Bladder
(n=187)",6
835,"Bladder
(n=187)",16
836,"Bladder
(n=187)",7
837,"Bladder
(n=187)",14
838,"Bladder
(n=187)",13
839,"Bladder
(n=187)",12
840,"Bladder
(n=187)",9
841,"Bladder
(n=187)",9
842,"Bladder
(n=187)",13
843,"Bladder
(n=187)",6
844,"Bladder
(n=187)",15
845,"Bladder
(n=187)",13
846,"Bladder
(n=187)",9
847,"Bladder
(n=187)",7
848,"Bladder
(n=187)",7
849,"Bladder
(n=187)",14
850,"Bladder
(n=187)",11
851,"Bladder
(n=187)",7
852,"Bladder
(n=187)",13
853,"Bladder
(n=187)",9
854,"Bladder
(n=187)",5
855,"Bladder
(n=187)",6
856,"Bladder
(n=187)",11
857,"Bladder
(n=187)",15
858,"Bladder
(n=187)",9
859,"Bladder
(n=187)",10
860,"Bladder
(n=187)",10
861,"Bladder
(n=187)",12
862,"Bladder
(n=187)",16
863,"Bladder
(n=187)",10
864,"Bladder
(n=187)",9
865,"Bladder
(n=187)",8
866,"Bladder
(n=187)",10
867,"Bladder
(n=187)",6
868,"Bladder
(n=187)",8
869,"Bladder
(n=187)",15
870,"Bladder
(n=187)",12
871,"Bladder
(n=187)",10
872,"Bladder
(n=187)",10
873,"Bladder
(n=187)",10
874,"Bladder
(n=187)",14
875,"Bladder
(n=187)",6
876,"Bladder
(n=187)",7
877,"Bladder
(n=187)",8
878,"Bladder
(n=187)",7
879,"Bladder
(n=187)",9
880,"Bladder
(n=187)",8
881,"Bladder
(n=187)",12
882,"Bladder
(n=187)",14
883,"Bladder
(n=187)",5
884,"Bladder
(n=187)",11
885,"Bladder
(n=187)",8
886,"Bladder
(n=187)",14
887,"Bladder
(n=187)",7
888,"Bladder
(n=187)",10
889,"Bladder
(n=187)",10
890,"Bladder
(n=187)",8
891,"Bladder
(n=187)",5
892,"Bladder
(n=187)",8
893,"Bladder
(n=187)",9
894,"Bladder
(n=187)",7
895,"Bladder
(n=187)",9
896,"Bladder
(n=187)",8
897,"Bladder
(n=187)",6
898,"Bladder
(n=187)",11
899,"Bladder
(n=187)",12
900,"Bladder
(n=187)",13
901,"Bladder
(n=187)",10
902,"Bladder
(n=187)",12
903,"Bladder
(n=187)",12
904,"Bladder
(n=187)",10
905,"Bladder
(n=187)",11
906,"Bladder
(n=187)",11
907,"Bladder
(n=187)",14
908,"Bladder
(n=187)",8
909,"Bladder
(n=187)",12
910,"Bladder
(n=187)",12
911,"Bladder
(n=187)",13
912,"Bladder
(n=187)",8
913,"Bladder
(n=187)",13
914,"Bladder
(n=187)",9
915,"Bladder
(n=187)",5
916,"Bladder
(n=187)",12
917,"Bladder
(n=187)",6
918,"Bladder
(n=187)",7
919,"Bladder
(n=187)",8
920,"Bladder
(n=187)",6
921,"Bladder
(n=187)",13
922,"Bladder
(n=187)",11
923,"Bladder
(n=187)",8
924,"Bladder
(n=187)",9
925,"Bladder
(n=187)",13
926,"Bladder
(n=187)",11
927,"Bladder
(n=187)",12
928,"Bladder
(n=187)",5
929,"Bladder
(n=187)",9
930,"Bladder
(n=187)",10
931,"Bladder
(n=187)",13
932,"Bladder
(n=187)",10
933,"Bladder
(n=187)",9
934,"Bladder
(n=187)",7
935,"Bladder
(n=187)",14
936,"Bladder
(n=187)",11
937,"Bladder
(n=187)",7
938,"Bladder
(n=187)",7
939,"Bladder
(n=187)",7
940,"Bladder
(n=187)",15
941,"Bladder
(n=187)",9
942,"Bladder
(n=187)",15
943,"Bladder
(n=187)",13
944,"Bladder
(n=187)",15
945,"Bladder
(n=187)",7
946,"Bladder
(n=187)",10
947,"Bladder
(n=187)",11
948,"Bladder
(n=187)",17
949,"Bladder
(n=187)",10
950,"Bladder
(n=187)",9
951,"Bladder
(n=187)",7
952,"Bladder
(n=187)",15
953,"Bladder
(n=187)",7
954,"Bladder
(n=187)",7
955,"Bladder
(n=187)",9
956,"Bladder
(n=187)",4
957,"Bladder
(n=187)",9
958,"Bladder
(n=187)",12
959,"Bladder
(n=187)",15
960,"Bladder
(n=187)",9
961,"Bladder
(n=187)",11
962,"Bladder
(n=187)",10
963,"Bladder
(n=187)",10
964,"Bladder
(n=187)",6
965,"Bladder
(n=187)",10
966,"Bladder
(n=187)",18
967,"Bladder
(n=187)",7
968,"Bladder
(n=187)",13
969,"Bladder
(n=187)",19
970,"Bladder
(n=187)",9
971,"Bladder
(n=187)",8
972,"Bladder
(n=187)",16
973,"Bladder
(n=187)",7
974,"Bladder
(n=187)",10
975,"Bladder
(n=187)",10
976,"Bladder
(n=187)",7
977,"Bladder
(n=187)",9
978,"Bladder
(n=187)",8
979,"Bladder
(n=187)",9
980,"Bladder
(n=187)",7
981,"Bladder
(n=187)",10
982,"Bladder
(n=187)",15
983,"Bladder
(n=187)",7
984,"Bladder
(n=187)",4
985,"Bladder
(n=187)",5
986,"Bladder
(n=187)",9
987,"Bladder
(n=187)",9
988,"Bladder
(n=187)",10
989,"Bladder
(n=187)",14
990,"Bladder
(n=187)",14
991,"Bladder
(n=187)",13
992,"Bladder
(n=187)",10
993,"Bladder
(n=187)",10
994,"Bladder
(n=187)",9
995,"Bladder
(n=187)",9
996,"Bladder
(n=187)",12
997,"Bladder
(n=187)",16
998,"Bladder
(n=187)",13
999,"Bladder
(n=187)",12
1000,"Bladder
(n=187)",11
